Nome,Depth,i,seed,Melhor_solucao,Melhor_solucao_shrunk,Melhor_fitness,Matches_on_left,Matches_on_right,Numero_de_comparacoes,Numero_total_de_comparacoes,Tempo_para_encontrar_melhor_solucao,Tempo_total,Timed_out
warmup,5,1,2967301147,foo,foo,21,21,0,201177,500000,12,29,false
warmup,5,1,5600405384,foo,foo,21,21,0,258550,500000,13,26,false
warmup,5,2,1632819610,foo,foo,21,21,0,263376,500000,15,27,false
warmup,5,3,1412034944,foo,foo,21,21,0,6864,500001,0,27,false
warmup,5,4,9724161943,foo,foo,21,21,0,218480,500001,12,27,false
warmup,5,5,4037724866,foo,foo,21,21,0,226619,500000,14,29,false
warmup,5,6,8370032799,foo,foo,21,21,0,236568,500000,13,27,false
warmup,5,7,2767986875,foo,foo,21,21,0,254957,500001,14,26,false
warmup,5,8,3141506592,foo,foo,21,21,0,266377,500000,16,28,false
warmup,5,9,3313543896,foo,foo,21,21,0,259269,500001,15,27,false
warmup,5,10,8657690939,f.o,f.o,21,21,0,250845,500000,16,30,false
warmup,5,11,9696640194,foo,foo,21,21,0,246954,500001,13,25,false
warmup,5,12,6621545651,foo,foo,21,21,0,206942,500000,12,29,false
warmup,5,13,2492462788,foo,foo,21,21,0,226001,500000,13,27,false
warmup,5,14,3404588599,foo,foo,21,21,0,5979,500000,0,28,false
warmup,5,15,2330977742,foo,foo,21,21,0,277979,500000,15,26,false
warmup,5,16,6361187489,foo,foo,21,21,0,246918,500000,13,27,false
warmup,5,17,2805026820,foo,foo,21,21,0,245189,500000,14,28,false
warmup,5,18,4323456912,foo,foo,21,21,0,240321,500000,13,27,false
warmup,5,19,8361101999,foo,foo,21,21,0,237622,500000,13,27,false
warmup,5,20,9935136846,foo,foo,21,21,0,195217,500000,10,26,false
warmup,5,21,5217407358,foo,foo,21,21,0,252522,500000,15,29,false
warmup,5,22,5619256299,foo,foo,21,21,0,259919,500001,14,27,false
warmup,5,23,4560422870,foo,foo,21,21,0,268584,500000,16,28,false
warmup,5,24,5236888092,foo,foo,21,21,0,262321,500000,14,27,false
warmup,5,25,1337360711,foo,foo,21,21,0,203614,500000,11,27,false
warmup,5,26,7659837985,foo,foo,21,21,0,180990,500000,10,28,false
warmup,5,27,2521100877,foo,foo,21,21,0,257734,500000,13,26,false
warmup,5,28,8801535107,foo,foo,21,21,0,226948,500000,11,26,false
warmup,5,29,9651599436,foo,foo,21,21,0,241884,500001,13,26,false
anchors,5,1,2967301147,k$,k$,21,21,0,2,500000,0,29,false
anchors,5,1,5600405384,k$,k$,21,21,0,2,500000,0,29,false
anchors,5,2,1632819610,k$,k$,21,21,0,2,500000,0,28,false
anchors,5,3,1412034944,k$,k$,21,21,0,242917,500000,15,30,false
anchors,5,4,9724161943,k$,k$,21,21,0,327988,500001,19,28,false
anchors,5,5,4037724866,k$,k$,21,21,0,223200,500000,14,29,false
anchors,5,6,8370032799,k$,k$,21,21,0,2,500001,0,29,false
anchors,5,7,2767986875,k$,k$,21,21,0,2,500000,0,29,false
anchors,5,8,3141506592,k$,k$,21,21,0,254775,500000,15,28,false
anchors,5,9,3313543896,k$,k$,21,21,0,2,500000,0,29,false
anchors,5,10,8657690939,k$,k$,21,21,0,2,500000,0,31,false
anchors,5,11,9696640194,k$,k$,21,21,0,186220,500001,11,28,false
anchors,5,12,6621545651,k$,k$,21,21,0,2,500001,0,28,false
anchors,5,13,2492462788,k$,k$,21,21,0,2,500000,0,31,false
anchors,5,14,3404588599,k$,k$,21,21,0,2,500000,0,30,false
anchors,5,15,2330977742,k$,k$,21,21,0,2,500000,0,29,false
anchors,5,16,6361187489,k$,k$,21,21,0,75454,500000,5,29,false
anchors,5,17,2805026820,k$,k$,21,21,0,2,500000,0,29,false
anchors,5,18,4323456912,k$,k$,21,21,0,289095,500001,17,29,false
anchors,5,19,8361101999,k$,k$,21,21,0,179306,500000,11,30,false
anchors,5,20,9935136846,k$,k$,21,21,0,2,500000,0,29,false
anchors,5,21,5217407358,k$,k$,21,21,0,2,500000,0,29,false
anchors,5,22,5619256299,k$,k$,21,21,0,2,500000,0,29,false
anchors,5,23,4560422870,k$,k$,21,21,0,2,500000,0,28,false
anchors,5,24,5236888092,k$,k$,21,21,0,2,500000,0,29,false
anchors,5,25,1337360711,k$,k$,21,21,0,316801,500000,19,30,false
anchors,5,26,7659837985,k$,k$,21,21,0,2,500000,0,28,false
anchors,5,27,2521100877,k$,k$,21,21,0,2,500001,0,28,false
anchors,5,28,8801535107,k$,k$,21,21,0,2,500000,0,28,false
anchors,5,29,9651599436,k$,k$,21,21,0,2,500000,0,28,false
ranges,5,1,2967301147,^[a-f]*?$,^[a-f]*?$,21,21,0,161388,500000,9,25,false
ranges,5,1,5600405384,[a-e][^ic][b-f],[a-e][^ci][b-f],21,21,0,459504,500000,23,25,false
ranges,5,2,1632819610,[a-e][^ic][b-f],[a-e][^ci][b-f],21,21,0,193109,500000,10,24,false
ranges,5,3,1412034944,^[a-f].a?[b-f],^[a-f].a?[b-f],21,21,0,198913,500000,10,24,false
ranges,5,4,9724161943,^[a-f]*?$,^[a-f]*?$,21,21,0,152502,500000,8,24,false
ranges,5,5,4037724866,[^i][a-e].[a-f],[^i][a-e].[a-f],21,21,0,481973,500000,24,25,false
ranges,5,6,8370032799,[a-e][^ic][b-f],[a-e][^ci][b-f],21,21,0,26400,500001,2,25,false
ranges,5,7,2767986875,[a-e][^ic][b-f],[a-e][^ci][b-f],21,21,0,195177,500000,10,25,false
ranges,5,8,3141506592,[a-e][^ic][b-f],[a-e][^ci][b-f],21,21,0,72618,500001,4,25,false
ranges,5,9,3313543896,[a-e][^ic][b-f],[a-e][^ci][b-f],21,21,0,189098,500000,10,25,false
ranges,5,10,8657690939,[a-e][^ci][b-f],[a-e][^ci][b-f],21,21,0,325864,500000,17,25,false
ranges,5,11,9696640194,\b[a-f]+?$,\b[a-f]+?$,21,21,0,30516,500000,2,26,false
ranges,5,12,6621545651,[^i][a-e].[a-f],[^i][a-e].[a-f],21,21,0,198094,500000,10,24,false
ranges,5,13,2492462788,[a-e][^ci][b-f],[a-e][^ci][b-f],21,21,0,261080,500000,14,25,false
ranges,5,14,3404588599,[a-e][^ic][b-f],[a-e][^ci][b-f],21,21,0,228074,500000,13,26,false
ranges,5,15,2330977742,[a-e][^ic][b-f],[a-e][^ci][b-f],21,21,0,271284,500001,14,25,false
ranges,5,16,6361187489,^[a-f]*?$,^[a-f]*?$,21,21,0,1601,500000,0,25,false
ranges,5,17,2805026820,^[a-f]*?$,^[a-f]*?$,21,21,0,327759,500000,17,25,false
ranges,5,18,4323456912,^[a-f]*?$,^[a-f]*?$,21,21,0,76117,500000,5,25,false
ranges,5,19,8361101999,[a-e][^ic][b-f],[a-e][^ci][b-f],21,21,0,374461,500000,19,24,false
ranges,5,20,9935136846,^[a-f]*?$,^[a-f]*?$,21,21,0,373659,500000,18,24,false
ranges,5,21,5217407358,[a-e][^ic][b-f],[a-e][^ci][b-f],21,21,0,254852,500000,13,24,false
ranges,5,22,5619256299,[^i][a-e].[a-f],[^i][a-e].[a-f],21,21,0,408168,500000,20,24,false
ranges,5,23,4560422870,^..[a-f][a-f],^\.\.,21,21,0,188736,500000,10,25,false
ranges,5,24,5236888092,[a-e][^ic][b-f],[a-e][^ci][b-f],21,21,0,441362,500000,22,25,false
ranges,5,25,1337360711,[^i][a-e].[a-f],[^i][a-e].[a-f],21,21,0,490078,500000,25,25,false
ranges,5,26,7659837985,[a-e][^ic][b-f],[a-e][^ci][b-f],21,21,0,16079,500000,1,25,false
ranges,5,27,2521100877,[^i][a-e].[a-f],[^i][a-e].[a-f],21,21,0,433940,500000,22,25,false
ranges,5,28,8801535107,^[a-f]*?$,^[a-f]*?$,21,21,0,481991,500000,24,25,false
ranges,5,29,9651599436,[a-e][^ic][b-f],[a-e][^ci][b-f],21,21,0,67463,500000,4,25,false
backrefs,5,1,2967301147,[e-t][b-t][^xsl][o-v]c?,[e-t][b-t][^lsx][o-v]c?,15,19,4,68335,500001,4,30,false
backrefs,5,1,5600405384,[^w][efg].[^zy],[^w][efg].[^yz],13,16,3,61168,500000,4,29,false
backrefs,5,2,1632819610,^[^kdgw][^ocy][d-t],^[^dgkw][^coy][d-t],15,18,3,313762,500000,18,28,false
backrefs,5,3,1412034944,[^w][efg].[^zy],[^w][efg].[^yz],13,16,3,276428,500000,17,30,false
backrefs,5,4,9724161943,[l-u][b-h].[h-t],[l-u][b-h].[h-t],11,14,3,89353,500000,6,29,false
backrefs,5,5,4037724866,^t?[^kdw]?[a-n][d-t][a-t],^t?[^dkw]?[a-n][d-t][a-t],13,19,6,130424,500000,8,30,false
backrefs,5,6,8370032799,[l-t][d-p][b-u][f-t][^ode],[l-t][d-p][b-u][f-t][^deo],14,15,1,139915,500000,9,32,false
backrefs,5,7,2767986875,[f-t][b-t][^xs][o-v],[f-t][b-t][^sx][o-v],15,18,3,155724,500000,10,30,false
backrefs,5,8,3141506592,[^w][efg].[^z][^m],[^w][efg].[^z][^m],14,16,2,232569,500000,13,28,false
backrefs,5,9,3313543896,^[^kdgw][^ocy][d-t],^[^dgkw][^coy][d-t],15,18,3,375943,500000,24,31,false
backrefs,5,10,8657690939,^[^kdgw][^ocy][d-t],^[^dgkw][^coy][d-t],15,18,3,35306,500000,3,29,false
backrefs,5,11,9696640194,[^w][efg].[^zy],[^w][efg].[^yz],13,16,3,152785,500000,9,30,false
backrefs,5,12,6621545651,.[efg][^l][^z],.[efg][^l][^z],13,16,3,166734,500000,9,26,false
backrefs,5,13,2492462788,[d-v][e-h][^g][a-t],[d-v][e-h][^g][a-t],13,15,2,364271,500000,20,28,false
backrefs,5,14,3404588599,[^w][e-m].[l-p],[^w][e-m].[l-p],12,14,2,134865,500000,9,30,false
backrefs,5,15,2330977742,[d-m].*?[a-s][tuv],[d-m]*?[a-s][tuv],12,15,3,219437,500000,13,27,false
backrefs,5,16,6361187489,^[^kdgw][^cyo][d-t],^[^dgkw][^coy][d-t],15,18,3,150528,500000,9,29,false
backrefs,5,17,2805026820,^[^kdgw][^ocy][d-t],^[^dgkw][^coy][d-t],15,18,3,206691,500000,12,29,false
backrefs,5,18,4323456912,[d-h][^lx]+?[tuv],[d-h]+?[tuv],13,14,1,339215,500001,20,30,false
backrefs,5,19,8361101999,.[efg][^l][^z],.[efg][^l][^z],13,16,3,383989,500000,21,28,false
backrefs,5,20,9935136846,[i-u]x?[e-l].[l-t],[i-u]x?[e-l].[l-t],14,15,1,147143,500001,9,28,false
backrefs,5,21,5217407358,^[^kdgw][^ocy][d-t],^[^dgkw][^coy][d-t],15,18,3,175971,500000,10,29,false
backrefs,5,22,5619256299,[^g]r?[tuv][d-y][d-s],[^g]r?[tuv][d-y][d-s],12,14,2,285608,500000,16,30,false
backrefs,5,23,4560422870,.[efg][^l][^z],.[efg][^l][^z],13,16,3,404139,500001,23,29,false
backrefs,5,24,5236888092,[^w][efg].[a-t],[^w][efg].[a-t],13,15,2,417080,500000,25,31,false
backrefs,5,25,1337360711,[i-u][e-l].[l-t],[i-u][e-l].[l-t],14,15,1,326508,500000,20,30,false
backrefs,5,26,7659837985,.[efg][^l][^z],.[efg][^l][^z],13,16,3,151454,500001,9,29,false
backrefs,5,27,2521100877,[f-t][b-t][^xs][o-v],[f-t][b-t][^sx][o-v],15,18,3,105345,500000,7,30,false
backrefs,5,28,8801535107,[i-u][e-l].[l-t],[i-u][e-l].[l-t],14,15,1,382208,500000,24,31,false
backrefs,5,29,9651599436,.[efg][^l][^z],.[efg][^l][^z],13,16,3,432049,500000,27,30,false
powers,5,1,2967301147,^xx?$,^xx?$,2,2,0,209562,500000,15,42,false
powers,5,1,5600405384,^x?x$,^x?x$,2,2,0,138215,500000,8,41,false
powers,5,2,1632819610,^x?x$,^x?x$,2,2,0,134951,500000,8,41,false
powers,5,3,1412034944,^x?x$,^x?x$,2,2,0,223482,500000,14,40,false
powers,5,4,9724161943,^x?.$,^x?.$,2,2,0,233981,500001,18,42,false
powers,5,5,4037724866,^x?x$,^x?x$,2,2,0,223041,500000,14,40,false
powers,5,6,8370032799,^x?x$,^x?x$,2,2,0,223981,500000,14,39,false
powers,5,7,2767986875,^x?x$,^x?x$,2,2,0,117747,500000,7,43,false
powers,5,8,3141506592,^x?x$,^x?x$,2,2,0,152991,500000,9,43,false
powers,5,9,3313543896,^x?x$,^x?x$,2,2,0,241947,500001,19,42,false
powers,5,10,8657690939,^x?x$,^x?x$,2,2,0,490735,500001,39,40,false
powers,5,11,9696640194,^x?x$,^x?x$,2,2,0,472793,500000,38,40,false
powers,5,12,6621545651,^x?x$,^x?x$,2,2,0,111279,500000,6,43,false
powers,5,13,2492462788,^x?x$,^x?x$,2,2,0,132201,500000,9,45,false
powers,5,14,3404588599,^x?x$,^x?x$,2,2,0,106455,500000,5,41,false
powers,5,15,2330977742,^xx?$,^xx?$,2,2,0,138991,500000,9,43,false
powers,5,16,6361187489,^x?x$,^x?x$,2,2,0,383201,500000,31,44,false
powers,5,17,2805026820,^x?x$,^x?x$,2,2,0,140144,500000,9,43,false
powers,5,18,4323456912,^x?x$,^x?x$,2,2,0,383276,500000,31,42,false
powers,5,19,8361101999,^.?x$,^.?x$,2,2,0,399897,500001,33,43,false
powers,5,20,9935136846,^x?x$,^x?x$,2,2,0,499972,500001,40,40,false
powers,5,21,5217407358,^x?x$,^x?x$,2,2,0,407734,500000,33,42,false
powers,5,22,5619256299,^x?x$,^x?x$,2,2,0,499851,500000,44,44,false
powers,5,23,4560422870,^x?x$,^x?x$,2,2,0,368954,500001,30,44,false
powers,5,24,5236888092,^x?x$,^x?x$,2,2,0,347020,500000,25,40,false
powers,5,25,1337360711,^x?x$,^x?x$,2,2,0,395732,500000,33,43,false
powers,5,26,7659837985,^x?x$,^x?x$,2,2,0,174812,500000,11,42,false
powers,5,27,2521100877,^x?x$,^x?x$,2,2,0,201865,500001,13,41,false
powers,5,28,8801535107,^x?x$,^x?x$,2,2,0,233200,500000,17,40,false
powers,5,29,9651599436,^x?x$,^x?x$,2,2,0,499414,500000,42,42,false
long-count,5,1,2967301147, $, $,0,0,0,374541,500000,17,22,false
long-count,5,1,5600405384, $, $,0,0,0,371820,500000,16,22,false
long-count,5,2,1632819610, $, $,0,0,0,40,500000,0,22,false
long-count,5,3,1412034944, $, $,0,0,0,40,500000,0,21,false
long-count,5,4,9724161943,  ,  ,0,0,0,349289,500000,16,23,false
long-count,5,5,4037724866, $, $,0,0,0,274871,500000,13,22,false
long-count,5,6,8370032799, $, $,0,0,0,222071,500000,10,21,false
long-count,5,7,2767986875, $, $,0,0,0,40,500000,0,22,false
long-count,5,8,3141506592,^ ,^ ,0,0,0,459649,500000,20,22,false
long-count,5,9,3313543896,^$,^$,0,0,0,474065,500000,22,22,false
long-count,5,10,8657690939,  ,  ,0,0,0,437319,500000,19,21,false
long-count,5,11,9696640194,  ,  ,0,0,0,356365,500000,16,22,false
long-count,5,12,6621545651, $, $,0,0,0,40,500000,0,22,false
long-count,5,13,2492462788, $, $,0,0,0,40,500000,0,22,false
long-count,5,14,3404588599, $, $,0,0,0,40,500000,0,22,false
long-count,5,15,2330977742,  ,  ,0,0,0,232472,500000,11,21,false
long-count,5,16,6361187489, $, $,0,0,0,40,500000,0,22,false
long-count,5,17,2805026820, $, $,0,0,0,266242,500000,12,22,false
long-count,5,18,4323456912,  ,  ,0,0,0,218430,500000,10,22,false
long-count,5,19,8361101999,  ,  ,0,0,0,232031,500000,11,21,false
long-count,5,20,9935136846,^ ,^ ,0,0,0,223905,500000,11,22,false
long-count,5,21,5217407358, $, $,0,0,0,260782,500000,12,22,false
long-count,5,22,5619256299,  ,  ,0,0,0,258330,500000,12,22,false
long-count,5,23,4560422870,^ ,^ ,0,0,0,218673,500000,10,22,false
long-count,5,24,5236888092,  ,  ,0,0,0,225725,500000,11,21,false
long-count,5,25,1337360711, $, $,0,0,0,40,500001,0,22,false
long-count,5,26,7659837985, $, $,0,0,0,40,500000,0,22,false
long-count,5,27,2521100877,^ ,^ ,0,0,0,222887,500000,10,22,false
long-count,5,28,8801535107, $, $,0,0,0,278334,500000,13,22,false
long-count,5,29,9651599436, $, $,0,0,0,40,500001,0,22,false
alphabetical,5,1,2967301147,s[st].*?nt.,s[st]*?nt.,10,14,4,251862,500001,16,30,false
alphabetical,5,1,5600405384,[e-n][^rt][ -e][e-n],[e-n][^rt][ -e][e-n],12,13,1,267102,500000,17,31,false
alphabetical,5,2,1632819610,[st]er[^a]*?e[e-s],[st]er*?e[e-s],11,16,5,305304,500000,18,29,false
alphabetical,5,3,1412034944,[e-n][^r][ -e]n,[e-n][^r][ -e]n,10,11,1,471370,500001,27,29,false
alphabetical,5,4,9724161943,[e-n][^r][ -e]n,[e-n][^r][ -e]n,10,11,1,408633,500000,25,30,false
alphabetical,5,5,4037724866,[^re][ -a]r?[ -n]n?t[ -r],[^er][ -a]r?[ -n]n?t[ -r],12,12,0,332249,500001,20,30,false
alphabetical,5,6,8370032799,[e-n]a?[^rt][ -e][e-n],[e-n]a?[^rt][ -e][e-n],12,13,1,37227,500001,3,29,false
alphabetical,5,7,2767986875,[ -r]t [^a]+?t[ -r][ -s],[ -r]t +?t[ -r][ -s],12,15,3,54814,500000,4,31,false
alphabetical,5,8,3141506592,[e-n][^rt][ -e][e-n],[e-n][^rt][ -e][e-n],12,13,1,7872,500000,1,30,false
alphabetical,5,9,3313543896,[e-n][^tnr][e-n][e-t],[e-n][^nrt][e-n][e-t],11,12,1,158108,500000,10,29,false
alphabetical,5,10,8657690939,[ -a]r?[ -n]+?t[ -e],[ -a]r?[ -n]+?t[ -e],11,17,6,17974,500000,1,30,false
alphabetical,5,11,9696640194,[e-n][^rt][ -e][e-n],[e-n][^rt][ -e][e-n],12,13,1,379027,500001,23,30,false
alphabetical,5,12,6621545651,t.r ..[n-t],t.r ..[n-t],9,14,5,57680,500001,4,29,false
alphabetical,5,13,2492462788,[e-n][^rt][ -e][e-n],[e-n][^rt][ -e][e-n],12,13,1,171948,500000,11,30,false
alphabetical,5,14,3404588599,s.*?[e-n][st]?[ -n]+?n,s.*?[e-n][st]?[ -n]+?n,12,13,1,286121,500001,18,30,false
alphabetical,5,15,2330977742,[e-n][^rt][ -e][e-n],[e-n][^rt][ -e][e-n],12,13,1,126646,500000,8,31,false
alphabetical,5,16,6361187489,[e-n][^ntr][e-n][e-t],[e-n][^nrt][e-n][e-t],11,12,1,214612,500000,14,30,false
alphabetical,5,17,2805026820,[^a][st] .e[e-t][e-t][e-t],[^a][st] .e,11,13,2,20336,500000,1,31,false
alphabetical,5,18,4323456912,e[^r].[n-r][n-t],e[^r].[n-r][n-t],11,12,1,292744,500000,19,31,false
alphabetical,5,19,8361101999,[e-n][^rt][ -e][e-n],[e-n][^rt][ -e][e-n],12,13,1,175015,500001,12,30,false
alphabetical,5,20,9935136846,[st] .[e-r][^a]*?t,[st] .[e-r]*?t,12,15,3,181255,500001,12,30,false
alphabetical,5,21,5217407358,[e-n][^r][ -e]ns?,[e-n][^r][ -e]ns?,10,11,1,62486,500000,4,31,false
alphabetical,5,22,5619256299,[e-n][^r].n[st],[e-n][^r].n[st],10,11,1,55723,500000,4,30,false
alphabetical,5,23,4560422870,r?[e-n][^rt][ -e][e-n],r?[e-n][^rt][ -e][e-n],12,13,1,189966,500000,12,31,false
alphabetical,5,24,5236888092, [^a]*? [st][ -n], *? [st][ -n],10,13,3,373607,500001,22,29,false
alphabetical,5,25,1337360711,[e-n][^rt][ -e][e-n],[e-n][^rt][ -e][e-n],12,13,1,166622,500000,11,30,false
alphabetical,5,26,7659837985,t[ -e][^s]*?[a-r]t.,t[ -e]*?[a-r]t.,10,16,6,292856,500001,19,31,false
alphabetical,5,27,2521100877,r?[st]er.[^a]+?.n[n-t],r?[st]er.[^a]+?.n[n-t],12,13,1,60027,500000,4,30,false
alphabetical,5,28,8801535107,[e-n][^tnr][e-n][e-t]t?,[e-n][^nrt][e-n][e-t]t?,11,12,1,156071,500001,11,31,false
alphabetical,5,29,9651599436,[^e][ -a][ -r]r?[ -n]+?t[ -e],[^e][ -a][ -r]r?[ -n]+?t[ -e],13,14,1,150782,500001,11,32,false
abba,5,1,2967301147,[^aton][tu],[^anot][tu],15,16,1,335842,500000,21,31,false
abba,5,1,5600405384,[^aton][tu],[^anot][tu],15,16,1,29300,500000,2,31,false
abba,5,2,1632819610,[^emo][u-z].,[^emo][u-z].,14,15,1,120107,500000,8,31,false
abba,5,3,1412034944,[^tnoa][tu],[^anot][tu],15,16,1,257502,500000,16,32,false
abba,5,4,9724161943,[^ntoa][tu],[^anot][tu],15,16,1,124741,500000,8,30,false
abba,5,5,4037724866,c?[^aton][tu],c?[^anot][tu],15,16,1,482699,500000,30,31,false
abba,5,6,8370032799,[^aton][tu],[^anot][tu],15,16,1,21789,500000,2,30,false
abba,5,7,2767986875,[^aton][tu],[^anot][tu],15,16,1,49567,500000,3,31,false
abba,5,8,3141506592,[^aton][tu],[^anot][tu],15,16,1,444535,500001,27,31,false
abba,5,9,3313543896,[^aton][tu],[^anot][tu],15,16,1,108172,500000,7,30,false
abba,5,10,8657690939,[^aton][tu],[^anot][tu],15,16,1,388316,500000,24,31,false
abba,5,11,9696640194,a?[^aton][tu],a?[^anot][tu],15,16,1,183730,500000,11,31,false
abba,5,12,6621545651,[^aton][tu],[^anot][tu],15,16,1,18637,500000,1,30,false
abba,5,13,2492462788,^[^go]+?[tuv],^[^go]+?[tuv],15,16,1,402962,500000,25,31,false
abba,5,14,3404588599,[^aton][tu],[^anot][tu],15,16,1,71687,500000,5,32,false
abba,5,15,2330977742,[^aton][tu],[^anot][tu],15,16,1,454933,500001,28,31,false
abba,5,16,6361187489,[^ntoa][tu],[^anot][tu],15,16,1,97436,500000,6,32,false
abba,5,17,2805026820,[^aonm]a?[tu],[^a]a?[tu],15,18,3,95276,500000,6,30,false
abba,5,18,4323456912,[^aton][tu],[^anot][tu],15,16,1,303961,500001,20,33,false
abba,5,19,8361101999,[^aton][tu],[^anot][tu],15,16,1,451541,500000,29,32,false
abba,5,20,9935136846,[^ntoa][tu],[^anot][tu],15,16,1,310340,500001,18,30,false
abba,5,21,5217407358,[^aton][tu],[^anot][tu],15,16,1,239998,500001,14,30,false
abba,5,22,5619256299,^[^go]+?[tuv],^[^go]+?[tuv],15,16,1,426160,500001,27,32,false
abba,5,23,4560422870,[^aton][tu],[^anot][tu],15,16,1,274108,500000,18,31,false
abba,5,24,5236888092,[^aton][tu],[^anot][tu],15,16,1,56062,500000,4,32,false
abba,5,25,1337360711,[^emla][t-z],[^aelm][t-z],15,20,5,254496,500000,16,30,false
abba,5,26,7659837985,[^aton][tu],[^anot][tu],15,16,1,237269,500001,15,30,false
abba,5,27,2521100877,^[^go]+?[tuv],^[^go]+?[tuv],15,16,1,35373,500000,2,30,false
abba,5,28,8801535107,[^aton][tu],[^anot][tu],15,16,1,111624,500000,7,30,false
abba,5,29,9651599436,[^aton][tu],[^anot][tu],15,16,1,420698,500000,26,31,false
aman-aplan,5,1,2967301147,\b[^npmy]+?$,\b[^mnpy]+?$,15,15,0,274029,500000,18,31,false
aman-aplan,5,1,5600405384,^[^lhs]*?$,^[^hls]*?$,13,15,2,144341,500000,10,31,false
aman-aplan,5,2,1632819610,^.e[^fl],^.e[^fl],10,11,1,186292,500001,12,31,false
aman-aplan,5,3,1412034944,[^am][a-i].$,[^am][a-i].$,11,14,3,195223,500000,12,31,false
aman-aplan,5,4,9724161943,[k-x][^r].$,[k-x][^r].$,13,15,2,427503,500000,26,30,false
aman-aplan,5,5,4037724866,^.e[^fl],^.e[^fl],10,11,1,18534,500000,1,33,false
aman-aplan,5,6,8370032799,^[^mpny]*?i?$,^[^mnpy]*?i?$,15,15,0,138438,500000,9,30,false
aman-aplan,5,7,2767986875,^[a-t][d-o][^funl],^[a-t][d-o][^flnu],13,15,2,441081,500000,28,32,false
aman-aplan,5,8,3141506592,^.[a-i][^frm],^.[a-i][^fmr],11,13,2,318374,500000,19,29,false
aman-aplan,5,9,3313543896,^[^ihs]*?$,^[^his]*?$,13,14,1,20670,500001,1,31,false
aman-aplan,5,10,8657690939,[k-x][a-o].$,[k-x][a-o].$,13,14,1,236619,500000,15,33,false
aman-aplan,5,11,9696640194,[k-x][a-o].$,[k-x][a-o].$,13,14,1,444517,500000,27,30,false
aman-aplan,5,12,6621545651,^[^pmn]*?[^yn]$,^[^mnp]*?[^ny]$,15,15,0,486408,500000,30,31,false
aman-aplan,5,13,2492462788,^[h-t][d-o],^[h-t][d-o],10,13,3,430547,500000,27,31,false
aman-aplan,5,14,3404588599,[k-x][a-o].$,[k-x][a-o].$,13,14,1,320527,500000,20,31,false
aman-aplan,5,15,2330977742,^.e[^fl],^.e[^fl],10,11,1,182723,500000,12,31,false
aman-aplan,5,16,6361187489,^[^npmy]*?$,^[^mnpy]*?$,15,15,0,20638,500000,1,30,false
aman-aplan,5,17,2805026820,^.e[^fl],^.e[^fl],10,11,1,474805,500000,29,30,false
aman-aplan,5,18,4323456912,[k-x][a-o].$,[k-x][a-o].$,13,14,1,63116,500000,4,31,false
aman-aplan,5,19,8361101999,^[rst]?[b-o][^yl][^fmpun],^[rst]?[b-o][^ly][^fmnpu],17,19,2,243313,500001,16,32,false
aman-aplan,5,20,9935136846,r?[a-l][b-x].[^eny]$,r?[a-l][b-x].[^eny]$,14,16,2,57662,500000,4,31,false
aman-aplan,5,21,5217407358,^.e[^fl],^.e[^fl],10,11,1,39367,500000,3,31,false
aman-aplan,5,22,5619256299,^[^lhs]*?$,^[^hls]*?$,13,15,2,271617,500000,17,31,false
aman-aplan,5,23,4560422870,^.[^mpnsy]*?[^y]$,^.*?[^y]$,17,17,0,286575,500000,18,32,false
aman-aplan,5,24,5236888092,^[^pmny]*?$,^[^mnpy]*?$,15,15,0,47166,500000,3,30,false
aman-aplan,5,25,1337360711,^.e[^fl],^.e[^fl],10,11,1,488878,500000,31,31,false
aman-aplan,5,26,7659837985,[k-x][^r].$,[k-x][^r].$,13,15,2,147288,500000,9,31,false
aman-aplan,5,27,2521100877,m?[a-l][b-x].[^eny]$,m?[a-l][b-x].[^eny]$,14,16,2,206430,500000,13,31,false
aman-aplan,5,28,8801535107,[^rb][k-x]..$,[^br][k-x]..$,14,14,0,475454,500000,30,31,false
aman-aplan,5,29,9651599436,[k-x][a-o].$,[k-x][a-o].$,13,14,1,454903,500000,27,30,false
prime,5,1,2967301147,^x?xx$,^x?xx$,2,2,0,116547,500000,4,17,false
prime,5,1,5600405384,^x?xx$,^x?xx$,2,2,0,104282,500001,4,16,false
prime,5,2,1632819610,^x?xx$,^x?xx$,2,2,0,418140,500000,14,16,false
prime,5,3,1412034944,^x?xx$,^x?xx$,2,2,0,341225,500001,11,16,false
prime,5,4,9724161943,^x?xx$,^x?xx$,2,2,0,215560,500000,7,17,false
prime,5,5,4037724866,^x?xx$,^x?xx$,2,2,0,174037,500000,6,17,false
prime,5,6,8370032799,^x?xx$,^x?xx$,2,2,0,277102,500001,9,16,false
prime,5,7,2767986875,^.?xx$,^.?xx$,2,2,0,113017,500000,4,16,false
prime,5,8,3141506592,^x?xx$,^x?xx$,2,2,0,451834,500001,15,17,false
prime,5,9,3313543896,^x?xx$,^x?xx$,2,2,0,120092,500001,5,17,false
prime,5,10,8657690939,^xxx?$,^xxx?$,2,2,0,499979,500001,16,16,false
prime,5,11,9696640194,^x?xx$,^x?xx$,2,2,0,216336,500000,7,17,false
prime,5,12,6621545651,^x?xx$,^x?xx$,2,2,0,356749,500000,12,17,false
prime,5,13,2492462788,^x?xx$,^x?xx$,2,2,0,368869,500000,12,17,false
prime,5,14,3404588599,^x?x.$,^x?x.$,2,2,0,380764,500000,12,16,false
prime,5,15,2330977742,^x?xx$,^x?xx$,2,2,0,275125,500000,10,17,false
prime,5,16,6361187489,^x?xx$,^x?xx$,2,2,0,163027,500000,6,16,false
prime,5,17,2805026820,^xx?x$,^xx?x$,2,2,0,226076,500000,8,17,false
prime,5,18,4323456912,^x?xx$,^x?xx$,2,2,0,357782,500000,12,17,false
prime,5,19,8361101999,^x?xx$,^x?xx$,2,2,0,127039,500000,5,16,false
prime,5,20,9935136846,^x?xx$,^x?xx$,2,2,0,400266,500000,13,16,false
prime,5,21,5217407358,^x?xx$,^x?xx$,2,2,0,118802,500001,4,17,false
prime,5,22,5619256299,^x?xx$,^x?xx$,2,2,0,234856,500000,8,17,false
prime,5,23,4560422870,^x?x.$,^x?x.$,2,2,0,366785,500000,12,17,false
prime,5,24,5236888092,^x?xx$,^x?xx$,2,2,0,124640,500001,5,16,false
prime,5,25,1337360711,^x?xx$,^x?xx$,2,2,0,130668,500000,5,16,false
prime,5,26,7659837985,^x?xx$,^x?xx$,2,2,0,127873,500000,5,17,false
prime,5,27,2521100877,^x?xx$,^x?xx$,2,2,0,64336,500000,2,16,false
prime,5,28,8801535107,^x?xx$,^x?xx$,2,2,0,116594,500000,4,16,false
prime,5,29,9651599436,^x?xx$,^x?xx$,2,2,0,219081,500001,7,16,false
four,5,1,2967301147,[i-o][f-r][m-r],[i-o][f-r][m-r],15,15,0,246274,500000,12,26,false
four,5,1,5600405384,[i-o][f-r][m-r],[i-o][f-r][m-r],15,15,0,234018,500000,11,24,false
four,5,2,1632819610,[i-o][f-r][m-r],[i-o][f-r][m-r],15,15,0,220556,500001,11,25,false
four,5,3,1412034944,[M-s][M-s][f-o][j-r][f-o],[f-o][j-r][f-o],16,16,0,112888,500000,6,25,false
four,5,4,9724161943,[no][b-p][n-r],[no][b-p][n-r],15,16,1,233389,500000,12,25,false
four,5,5,4037724866,[i-o][f-r][m-r],[i-o][f-r][m-r],15,15,0,239890,500000,13,25,false
four,5,6,8370032799,[i-o][f-r][m-r],[i-o][f-r][m-r],15,15,0,266297,500001,15,26,false
four,5,7,2767986875,[no][^a][n-r],[no][^a][n-r],15,16,1,470774,500000,23,24,false
four,5,8,3141506592,.[M-s][f-r][M-p][o-r],.[M-s][f-r][M-p][o-r],18,18,0,478676,500000,24,25,false
four,5,9,3313543896,[i-o][f-r][m-r],[i-o][f-r][m-r],15,15,0,16353,500000,1,23,false
four,5,10,8657690939,[i-o][f-r][m-r],[i-o][f-r][m-r],15,15,0,206293,500001,10,25,false
four,5,11,9696640194,[f-o][M-p][n-r],[f-o][M-p][n-r],16,20,4,345983,500000,17,25,false
four,5,12,6621545651,[i-o][f-r][m-r],[i-o][f-r][m-r],15,15,0,190671,500000,10,25,false
four,5,13,2492462788,[i-o][f-r][m-r],[i-o][f-r][m-r],15,15,0,150939,500000,9,26,false
four,5,14,3404588599,[i-o][f-r][m-r],[i-o][f-r][m-r],15,15,0,240359,500000,13,25,false
four,5,15,2330977742,[i-o][f-r][m-r],[i-o][f-r][m-r],15,15,0,242498,500000,13,25,false
four,5,16,6361187489,[i-o][f-r][m-r],[i-o][f-r][m-r],15,15,0,476630,500000,22,24,false
four,5,17,2805026820,[i-o][f-r][m-r],[i-o][f-r][m-r],15,15,0,16322,500000,1,25,false
four,5,18,4323456912,[i-o][f-r][m-r],[i-o][f-r][m-r],15,15,0,216580,500000,13,26,false
four,5,19,8361101999,[no][^a][n-r],[no][^a][n-r],15,16,1,379658,500001,19,24,false
four,5,20,9935136846,[i-o][f-r][m-r],[i-o][f-r][m-r],15,15,0,254021,500001,13,25,false
four,5,21,5217407358,[f-o][M-p][n-r],[f-o][M-p][n-r],16,20,4,222049,500000,12,25,false
four,5,22,5619256299,[f-o][M-p][n-r],[f-o][M-p][n-r],16,20,4,364648,500001,19,25,false
four,5,23,4560422870,[no][^a][n-r],[no][^a][n-r],15,16,1,227383,500000,13,25,false
four,5,24,5236888092,[i-o][f-r][m-r],[i-o][f-r][m-r],15,15,0,184783,500000,10,25,false
four,5,25,1337360711,[i-o][f-r][m-r],[i-o][f-r][m-r],15,15,0,412539,500000,20,25,false
four,5,26,7659837985,[no][b-p][n-r],[no][b-p][n-r],15,16,1,328780,500000,16,25,false
four,5,27,2521100877,[i-o][f-r][m-r],[i-o][f-r][m-r],15,15,0,263846,500001,14,25,false
four,5,28,8801535107,[i-o][f-r][m-r],[i-o][f-r][m-r],15,15,0,247358,500000,11,23,false
four,5,29,9651599436,[i-o][f-r][m-r],[i-o][f-r][m-r],15,15,0,215978,500000,11,24,false
triples,5,1,2967301147,^[0-4]?.[0-4][^183],^[0-4]?.[0-4][^138],10,17,7,322414,500001,20,29,false
triples,5,1,5600405384,^[^5].[0-8][2-7][1-8],^[^5].[0-8][2-7][1-8],11,12,1,386666,500000,22,29,false
triples,5,2,1632819610,[^3][2-5][2-5][1-9][0-7],[^3][1-9][0-7],10,10,0,223241,500000,14,29,false
triples,5,3,1412034944,^[^5].[0-7][2-7],^[^5].[0-7][2-7],10,10,0,248685,500000,16,28,false
triples,5,4,9724161943,^[^5].[0-8][2-7][1-8],^[^5].[0-8][2-7][1-8],11,12,1,463307,500000,27,29,false
triples,5,5,4037724866,^..[0-8][2-7][1-8],^..[0-8][2-7][1-8],10,12,2,78958,500000,5,28,false
triples,5,6,8370032799,^..[^9][2-7][1-8],^..[^9][2-7][1-8],10,12,2,137859,500000,9,28,false
triples,5,7,2767986875,^[^5].[0-7][2-7],^[^5].[0-7][2-7],10,10,0,22566,500000,2,29,false
triples,5,8,3141506592,^[^5].[0-8][2-7][1-8],^[^5].[0-8][2-7][1-8],11,12,1,210589,500001,13,29,false
triples,5,9,3313543896,[0-3][^1493][3-7]2?,[0-3][^1349][3-7]2?,10,15,5,359523,500000,21,29,false
triples,5,10,8657690939,[0-3][^9431][3-7],[0-3][^1349][3-7],10,15,5,80073,500000,5,29,false
triples,5,11,9696640194,^[^5].[0-8][2-7][1-8],^[^5].[0-8][2-7][1-8],11,12,1,116698,500001,7,28,false
triples,5,12,6621545651,^8?.[^37][0-7],^8?.[^37][0-7],11,19,8,344136,500000,21,28,false
triples,5,13,2492462788,^.[^3][0-7][0-7],^.[^3],10,17,7,29861,500000,2,30,false
triples,5,14,3404588599,^[^5].[0-8][2-7][1-8],^[^5].[0-8][2-7][1-8],11,12,1,491109,500000,27,28,false
triples,5,15,2330977742,^[^5].[0-8][2-7][1-8],^[^5].[0-8][2-7][1-8],11,12,1,382819,500000,22,28,false
triples,5,16,6361187489,^[0-3]?[^15][0-4],^[0-3]?[^15][0-4],9,17,8,450096,500000,25,28,false
triples,5,17,2805026820,^.[^7583],^.[^3578],9,18,9,37197,500001,2,29,false
triples,5,18,4323456912,[^193][2-6][345],[^139][2-6][345],9,10,1,72302,500001,5,29,false
triples,5,19,8361101999,^[0-4]?.[0-4][^183],^[0-4]?.[0-4][^138],10,17,7,32771,500000,2,28,false
triples,5,20,9935136846,^[^5].8?[0-7][2-7],^[^5].8?[0-7][2-7],11,12,1,35637,500000,3,29,false
triples,5,21,5217407358,^[^5].8?[0-7][2-7],^[^5].8?[0-7][2-7],11,12,1,228097,500001,15,30,false
triples,5,22,5619256299,^.?[0-4][^3][0-5],^.?[0-4][^3][0-5],10,17,7,271479,500000,17,30,false
triples,5,23,4560422870,[^07][45][3-8][0-6],[^07][45][3-8][0-6],10,10,0,43850,500000,3,29,false
triples,5,24,5236888092,^[^5].[0-8][2-7][1-8],^[^5].[0-8][2-7][1-8],11,12,1,461931,500000,27,29,false
triples,5,25,1337360711,..[1-5][345][^05].,\.\.[1-5][345][^05].,11,11,0,408335,500000,24,28,false
triples,5,26,7659837985,^.[^7583],^.[^3578],9,18,9,169864,500000,10,28,false
triples,5,27,2521100877,^[^5].[0-7][2-7],^[^5].[0-7][2-7],10,10,0,193020,500000,12,29,false
triples,5,28,8801535107,^[^5].[0-8][2-7][1-8],^[^5].[0-8][2-7][1-8],11,12,1,277110,500001,17,29,false
triples,5,29,9651599436,^.[^7583],^.[^3578],9,18,9,80984,500000,5,28,false
glob,5,1,2967301147,[b-e][n-r],[b-e][n-r],12,17,5,109527,500001,6,26,false
glob,5,1,5600405384,[e-o][^am][b-e],[e-o][^am][b-e],14,18,4,124917,500001,8,28,false
glob,5,2,1632819610,^[^hkui][e-r][*-w],^[^hiku][e-r][*-w],15,16,1,467006,500000,27,28,false
glob,5,3,1412034944,[e-o][^am][b-e],[e-o][^am][b-e],14,18,4,416349,500001,24,29,false
glob,5,4,9724161943,g?[e-o][^am][b-e],g?[e-o][^am][b-e],14,18,4,91689,500001,7,29,false
glob,5,5,4037724866,[^bitaox][k-s]e,[^abiotx][k-s]e,15,16,1,334207,500000,21,30,false
glob,5,6,8370032799,^[^hkui][e-r][*-w],^[^hiku][e-r][*-w],15,16,1,314374,500000,20,29,false
glob,5,7,2767986875,[k-p][de][e-y][ -s],[k-p][de][e-y][ -s],13,13,0,321587,500001,18,28,false
glob,5,8,3141506592,[b-e][n-r],[b-e][n-r],12,17,5,414793,500000,23,27,false
glob,5,9,3313543896,[n-r][^u]*?[b-e][n-r],[n-r]*?[b-e][n-r],15,17,2,180700,500000,10,27,false
glob,5,10,8657690939,[ -d][b-r][o-r],[ -d][b-r][o-r],12,14,2,276351,500001,16,28,false
glob,5,11,9696640194,[ -p][b-e][n-r][ -t],[ -p][b-e][n-r][ -t],15,16,1,43924,500000,3,27,false
glob,5,12,6621545651,^.?[o-r],^.?[o-r],11,13,2,51681,500001,4,28,false
glob,5,13,2492462788,[^at].\*[ -h],[^at].\*[ -h],12,13,1,101512,500001,7,28,false
glob,5,14,3404588599,[b-t].[d-s][^g]$,[b-t].[d-s][^g]$,14,18,4,90703,500000,6,28,false
glob,5,15,2330977742,[b-e][n-r],[b-e][n-r],12,17,5,490125,500000,28,29,false
glob,5,16,6361187489,[b-e][n-r][^mu][ -t],[b-e][n-r][^mu][ -t],15,17,2,165351,500000,10,28,false
glob,5,17,2805026820,[^ox][k-p][de]\B,[^ox][k-p][de]\B,13,14,1,266592,500000,17,28,false
glob,5,18,4323456912,[b-e][n-r],[b-e][n-r],12,17,5,66894,500000,5,29,false
glob,5,19,8361101999,[^xo][k-p][de]\B,[^ox][k-p][de]\B,13,14,1,475539,500000,27,28,false
glob,5,20,9935136846,[b-e][n-r],[b-e][n-r],12,17,5,300155,500000,16,27,false
glob,5,21,5217407358,[k-p][de]\B[^di],[k-p][de]\B[^di],13,14,1,253687,500000,14,27,false
glob,5,22,5619256299,^p?[^k][f-r]\B,^p?[^k][f-r]\B,15,16,1,484922,500000,29,30,false
glob,5,23,4560422870,^[^hkui][e-r][*-w] ?,^[^hiku][e-r][*-w] ?,15,16,1,181772,500001,12,33,false
glob,5,24,5236888092,[^xota][k-r][de].[d-t],[^aotx][k-r][de].[d-t],16,16,0,216865,500001,14,29,false
glob,5,25,1337360711,[k-p][de][e-y][ -s],[k-p][de][e-y][ -s],13,13,0,198451,500001,13,29,false
glob,5,26,7659837985,[b-e][n-r][^mu][ -t],[b-e][n-r][^mu][ -t],15,17,2,190738,500001,11,29,false
glob,5,27,2521100877,^[^k][f-r]\B,^[^k][f-r]\B,12,13,1,68988,500000,5,28,false
glob,5,28,8801535107,[e-o][^am][b-e],[e-o][^am][b-e],14,18,4,375232,500000,21,28,false
glob,5,29,9651599436,y?[c-y][^at].\*[ -h],y?[c-y][^at].\*[ -h],13,13,0,112288,500000,7,28,false
balance,5,1,2967301147,^<.*?>>$,^<*?>>$,25,28,3,427485,500001,26,30,false
balance,5,1,5600405384,^<.*?>>$,^<*?>>$,25,28,3,64408,500000,4,31,false
balance,5,2,1632819610,^<.*?>>$,^<*?>>$,25,28,3,39855,500001,3,31,false
balance,5,3,1412034944,^<.*?>>$,^<*?>>$,25,28,3,305731,500001,18,29,false
balance,5,4,9724161943,^<.*?>>$,^<*?>>$,25,28,3,449159,500000,28,31,false
balance,5,5,4037724866,^<.+?>>$,^<\.+?>>$,25,28,3,253181,500000,16,30,false
balance,5,6,8370032799,^<.*?>>$,^<*?>>$,25,28,3,143197,500000,9,31,false
balance,5,7,2767986875,^<.+?>>$,^<\.+?>>$,25,28,3,458462,500000,28,31,false
balance,5,8,3141506592,^<.*?>>$,^<*?>>$,25,28,3,137820,500000,9,30,false
balance,5,9,3313543896,^<.+?>>$,^<\.+?>>$,25,28,3,316512,500000,21,32,false
balance,5,10,8657690939,^<.+?>>$,^<\.+?>>$,25,28,3,262297,500000,16,30,false
balance,5,11,9696640194,^<.+?>>$,^<\.+?>>$,25,28,3,318467,500000,20,30,false
balance,5,12,6621545651,^<.*?>>$,^<*?>>$,25,28,3,394120,500000,24,30,false
balance,5,13,2492462788,^<.*?>>$,^<*?>>$,25,28,3,326238,500001,21,31,false
balance,5,14,3404588599,^<.*?>>$,^<*?>>$,25,28,3,182939,500000,12,30,false
balance,5,15,2330977742,^<.+?>>$,^<\.+?>>$,25,28,3,173380,500000,11,30,false
balance,5,16,6361187489,^<.+?>>$,^<\.+?>>$,25,28,3,143888,500001,9,29,false
balance,5,17,2805026820,^<.*?>>$,^<*?>>$,25,28,3,181637,500001,12,30,false
balance,5,18,4323456912,^<.+?>>$,^<\.+?>>$,25,28,3,81054,500000,6,30,false
balance,5,19,8361101999,^<.*?>>$,^<*?>>$,25,28,3,290054,500000,18,30,false
balance,5,20,9935136846,^<.*?>>$,^<*?>>$,25,28,3,270100,500000,17,30,false
balance,5,21,5217407358,^<.+?>>$,^<\.+?>>$,25,28,3,132126,500000,9,30,false
balance,5,22,5619256299,^<.*?>>$,^<*?>>$,25,28,3,444543,500000,27,30,false
balance,5,23,4560422870,^<.*?>>$,^<*?>>$,25,28,3,300235,500000,18,30,false
balance,5,24,5236888092,^<.*?>>$,^<*?>>$,25,28,3,262811,500000,17,30,false
balance,5,25,1337360711,^<.+?>>$,^<\.+?>>$,25,28,3,224721,500000,15,31,false
balance,5,26,7659837985,^<.*?>>$,^<*?>>$,25,28,3,165363,500001,11,30,false
balance,5,27,2521100877,^<.+?>>$,^<\.+?>>$,25,28,3,256256,500000,16,31,false
balance,5,28,8801535107,[^>]<.>>>.<<.,[^>]<.>>>.<<.,25,25,0,70888,500001,5,30,false
balance,5,29,9651599436,^<.+?>>$,^<\.+?>>$,25,28,3,306861,500000,19,30,false
order,5,1,2967301147,^[a-g][b-o]+?[e-t],^[a-g]+?[e-t],20,20,0,256346,500001,15,30,false
order,5,1,5600405384,^[a-g][b-o]+?[e-t],^[a-g]+?[e-t],20,20,0,423926,500000,25,29,false
order,5,2,1632819610,^[a-g][b-o]+?[e-t],^[a-g]+?[e-t],20,20,0,45179,500000,3,30,false
order,5,3,1412034944,^.[b-o][b-t]*?[i-z]$,^.[b-o]*?[i-z]$,21,21,0,115897,500000,7,29,false
order,5,4,9724161943,^[a-g][b-o]+?[e-t],^[a-g]+?[e-t],20,20,0,238553,500000,14,29,false
order,5,5,4037724866,^[a-m]+?[b-o][m-t],^[a-m]+?[b-o][m-t],20,21,1,264353,500000,15,28,false
order,5,6,8370032799,^..[c-t][c-t][f-z]*?$,^\.\.*?$,21,21,0,323603,500000,20,31,false
order,5,7,2767986875,^[a-g][b-o]+?[e-t],^[a-g]+?[e-t],20,20,0,465272,500000,27,29,false
order,5,8,3141506592,^.[b-o][b-t]*?[i-z]$,^.[b-o]*?[i-z]$,21,21,0,344123,500001,20,29,false
order,5,9,3313543896,^[a-g][b-o]+?[e-t],^[a-g]+?[e-t],20,20,0,291906,500001,17,28,false
order,5,10,8657690939,^[a-g][b-o]+?[e-t],^[a-g]+?[e-t],20,20,0,429600,500000,25,29,false
order,5,11,9696640194,^.[b-o][b-t]*?[i-z]$,^.[b-o]*?[i-z]$,21,21,0,448432,500001,26,29,false
order,5,12,6621545651,^[a-g][b-o]+?[e-t],^[a-g]+?[e-t],20,20,0,221205,500001,12,29,false
order,5,13,2492462788,^[a-g][b-o]+?[e-t],^[a-g]+?[e-t],20,20,0,42047,500000,2,30,false
order,5,14,3404588599,^[a-g][b-o][^da],^[a-g][b-o][^ad],20,20,0,476662,500000,28,29,false
order,5,15,2330977742,^[a-g][b-o]+?[e-t],^[a-g]+?[e-t],20,20,0,31568,500000,2,29,false
order,5,16,6361187489,^..[c-t][c-t][f-z]*?$,^\.\.*?$,21,21,0,26982,500000,2,29,false
order,5,17,2805026820,^[a-g][b-o]+?[e-t],^[a-g]+?[e-t],20,20,0,477902,500000,28,30,false
order,5,18,4323456912,^.?[b-g][c-o][e-t],^.?[b-g][c-o][e-t],20,20,0,279537,500000,17,29,false
order,5,19,8361101999,^[a-g][b-o]+?[e-t],^[a-g]+?[e-t],20,20,0,416131,500000,24,29,false
order,5,20,9935136846,^[a-g][b-o]+?[e-t],^[a-g]+?[e-t],20,20,0,331715,500001,20,30,false
order,5,21,5217407358,^.?[b-g][c-o][e-t],^.?[b-g][c-o][e-t],20,20,0,90770,500001,6,30,false
order,5,22,5619256299,^[a-g][b-o]+?[e-t],^[a-g]+?[e-t],20,20,0,454730,500000,28,30,false
order,5,23,4560422870,^[a-g][b-o]+?[e-t],^[a-g]+?[e-t],20,20,0,269991,500000,17,29,false
order,5,24,5236888092,^[a-g][b-o]+?[e-t],^[a-g]+?[e-t],20,20,0,268274,500000,17,30,false
order,5,25,1337360711,^[a-g][b-o]+?[e-t],^[a-g]+?[e-t],20,20,0,248841,500000,14,29,false
order,5,26,7659837985,^[a-g][b-o]+?[e-t],^[a-g]+?[e-t],20,20,0,294918,500000,17,29,false
order,5,27,2521100877,^[a-g][b-o]+?[e-t],^[a-g]+?[e-t],20,20,0,435590,500000,27,31,false
order,5,28,8801535107,^[a-g][b-o]+?[e-t],^[a-g]+?[e-t],20,20,0,448513,500000,27,31,false
order,5,29,9651599436,^[a-g][b-o]+?[e-t],^[a-g]+?[e-t],20,20,0,202103,500001,12,30,false
