Nome,Depth,i,seed,Melhor_solucao,Melhor_solucao_shrunk,Melhor_fitness,Nossa_fitness,Numero_de_comparacoes,Tempo_para_encontrar_melhor_solucao,Tempo_total,Timed_out
warmup,5,1,2967301147,foo,foo,21,268,63898,3273,21932,true
warmup,5,1,5600405384,foo,foo,21,268,78244,4137,23889,true
warmup,5,2,1632819610,foo,foo,21,268,430584,17783,23986,true
warmup,5,3,1412034944,foo,foo,21,268,41688,2484,22975,true
warmup,5,4,9724161943,foo,foo,21,268,579872,23223,23973,true
warmup,5,5,4037724866,foo,foo,21,268,77422,4187,22738,true
warmup,5,6,8370032799,foo,foo,21,268,73102,3654,23846,true
warmup,5,7,2767986875,foo,foo,21,268,55704,3016,22597,true
warmup,5,8,3141506592,foo,foo,21,268,841,141,21381,true
warmup,5,9,3313543896,foo,foo,21,268,339577,14313,23581,true
warmup,5,10,8657690939,foo,foo,21,268,238586,10706,23675,true
warmup,5,11,9696640194,foo,foo,21,268,29172,1844,23036,true
warmup,5,12,6621545651,foo,foo,21,268,47784,2750,22385,true
warmup,5,13,2492462788,foo,foo,21,268,101642,5087,22480,true
warmup,5,14,3404588599,foo,foo,21,268,305294,13081,23582,true
warmup,5,15,2330977742,foo,foo,21,268,540192,21722,23894,true
warmup,5,16,6361187489,foo,foo,21,268,63853,3391,22694,true
warmup,5,17,2805026820,foo,foo,21,268,35397,2016,22533,true
warmup,5,18,4323456912,foo,foo,21,268,88564,4751,22347,true
warmup,5,19,8361101999,foo,foo,21,268,235420,10345,22924,true
warmup,5,20,9935136846,foo,foo,21,268,525379,21566,24363,true
warmup,5,21,5217407358,foo,foo,21,268,187384,8596,22850,true
warmup,5,22,5619256299,foo,foo,21,268,91967,4627,23050,true
warmup,5,23,4560422870,foo,foo,21,268,15778,1062,22879,true
warmup,5,24,5236888092,foo,foo,21,268,85075,4377,22934,true
warmup,5,25,1337360711,foo,foo,21,268,51540,2656,22050,true
warmup,5,26,7659837985,foo,foo,21,268,48061,2734,23645,true
warmup,5,27,2521100877,foo,foo,21,268,38727,2281,21238,true
warmup,5,28,8801535107,foo,foo,21,268,96686,4953,24222,true
warmup,5,29,9651599436,foo,foo,21,268,83150,4253,22692,true
anchors,5,1,2967301147,k$,k$,21,355,10729,829,23362,true
anchors,5,1,5600405384,k$,k$,21,355,134135,6892,25054,true
anchors,5,2,1632819610,k$,k$,21,355,27111,1891,26002,true
anchors,5,3,1412034944,k$,k$,21,355,2578,297,21272,true
anchors,5,4,9724161943,k$,k$,21,355,166892,7704,22613,true
anchors,5,5,4037724866,k$,k$,21,355,297016,12940,24128,true
anchors,5,6,8370032799,k$,k$,21,355,482617,19459,23631,true
anchors,5,7,2767986875,k$,k$,21,355,34327,2266,24289,true
anchors,5,8,3141506592,[paMR],[paMR],12,225,91578,4953,25618,true
anchors,5,9,3313543896,k$,k$,21,355,11687,844,25474,true
anchors,5,10,8657690939,k$,k$,21,355,93878,4794,25643,true
anchors,5,11,9696640194,k$,k$,21,355,69363,3657,20565,true
anchors,5,12,6621545651,k$,k$,21,355,5833,531,18535,true
anchors,5,13,2492462788,k$,k$,21,355,16267,1219,25645,true
anchors,5,14,3404588599,k$,k$,21,355,109174,5192,23318,true
anchors,5,15,2330977742,k$,k$,21,355,569044,22174,23494,true
anchors,5,16,6361187489,k$,k$,21,355,146760,7125,20871,true
anchors,5,17,2805026820,k$,k$,21,355,56052,3094,24395,true
anchors,5,18,4323456912,k$,k$,21,355,24959,1735,25902,true
anchors,5,19,8361101999,[ijk]$,[ijk]$,21,355,1852,235,20178,true
anchors,5,20,9935136846,k$,k$,21,355,4962,453,23832,true
anchors,5,21,5217407358,k$,k$,21,355,46177,2592,19673,true
anchors,5,22,5619256299,k$,k$,21,355,212336,9472,25037,true
anchors,5,23,4560422870,k$,k$,21,355,9824,735,25146,true
anchors,5,24,5236888092,k$,k$,21,355,67198,3844,26131,true
anchors,5,25,1337360711,k$,k$,21,355,66579,3545,24287,true
anchors,5,26,7659837985,k$,k$,21,355,110249,5218,25441,true
anchors,5,27,2521100877,k$,k$,21,355,56928,3329,24957,true
anchors,5,28,8801535107,k\b,k\b,21,355,3757,391,19630,true
anchors,5,29,9651599436,k$,k$,21,355,183812,8142,24633,true
ranges,5,1,2967301147,^[a-f][a-e][^n],^[a-f][a-e][n],21,208,40229,2282,20213,true
ranges,5,1,5600405384,^[a-f]*?$,^[a-f]*?$,21,212,113015,5422,21567,true
ranges,5,2,1632819610,^[a-f][a-e][^n],^[a-f][a-e][n],21,208,14955,1063,24100,true
ranges,5,3,1412034944,^[a-f]*?$,^[a-f]*?$,21,212,71849,3719,23425,true
ranges,5,4,9724161943,[a-f][a-e][dfbc],[a-f][a-e][dfbc],21,212,47757,2683,24375,true
ranges,5,5,4037724866,^[a-f][a-e][^n],^[a-f][a-e][n],21,208,16230,1141,24116,true
ranges,5,6,8370032799,^[a-f]*?$,^[a-f]*?$,21,212,60008,3079,24112,true
ranges,5,7,2767986875,^[a-f]*?$,^[a-f]*?$,21,212,108917,5485,23351,true
ranges,5,8,3141506592,^[a-f]*?$,^[a-f]*?$,21,212,12883,969,24300,true
ranges,5,9,3313543896,^[a-f][a-e][^n],^[a-f][a-e][n],21,208,60186,3222,20694,true
ranges,5,10,8657690939,^[a-f]*?$,^[a-f]*?$,21,212,51337,2782,24629,true
ranges,5,11,9696640194,[a-f][a-e][cdfb],[a-f][a-e][cdfb],21,212,13717,969,20834,true
ranges,5,12,6621545651,[a-f][a-e].[a-f],[a-f][a-e].[a-f],21,212,135532,6463,21295,true
ranges,5,13,2492462788,^[a-f]*?$,^[a-f]*?$,21,212,177617,8427,24836,true
ranges,5,14,3404588599,^[a-f][a-e][^n],^[a-f][a-e][n],21,208,11936,875,24708,true
ranges,5,15,2330977742,^[a-f]*?$,^[a-f]*?$,21,212,229425,10360,24910,true
ranges,5,16,6361187489,^[a-f]*?$,^[a-f]*?$,21,212,382781,16221,24096,true
ranges,5,17,2805026820,^[a-f][a-e][^n],^[a-f][a-e][n],21,208,6332,578,22846,true
ranges,5,18,4323456912,^[a-f][a-e][^n],^[a-f][a-e][n],21,208,41629,2422,24709,true
ranges,5,19,8361101999,^[a-f]*?$,^[a-f]*?$,21,212,223098,10079,25081,true
ranges,5,20,9935136846,^[a-f]*?$,^[a-f]*?$,21,212,70359,3672,24764,true
ranges,5,21,5217407358,^[a-f]*?$,^[a-f]*?$,21,212,172378,7923,23275,true
ranges,5,22,5619256299,^[a-f]*?$,^[a-f]*?$,21,212,114504,5719,25394,true
ranges,5,23,4560422870,[a-f][a-e].[a-f],[a-f][a-e].[a-f],21,212,404043,17446,25479,true
ranges,5,24,5236888092,^[a-f][a-e][^n],^[a-f][a-e][n],21,208,35302,1984,19424,true
ranges,5,25,1337360711,^[a-f]*?$,^[a-f]*?$,21,212,56087,3060,24735,true
ranges,5,26,7659837985,[a-f][a-e].[a-f],[a-f][a-e].[a-f],21,212,80003,4002,21035,true
ranges,5,27,2521100877,[a-f][a-e].[a-f],[a-f][a-e].[a-f],21,212,2765,344,24455,true
ranges,5,28,8801535107,^[a-f]*?$,^[a-f]*?$,21,212,120341,5859,24865,true
ranges,5,29,9651599436,^[a-f]*?$,^[a-f]*?$,21,212,17262,1188,24816,true
backrefs,5,1,2967301147,[oeg][vmatcor]\B,[oeg][vmatcor]\B,15,330,412781,19551,27974,true
backrefs,5,1,5600405384,[crano][ovtlyp],[crano][ovtlyp],20,344,281124,13269,31148,true
backrefs,5,2,1632819610,[nuaeiory]\w$,[nuaeiory]\w$,19,321,33975,2313,25472,true
backrefs,5,3,1412034944,[uenoaryi]\w$,[uenoaryi]\w$,19,321,251946,12142,27362,true
backrefs,5,4,9724161943,[tesuf]\w[daelpr],[tesuf]\w[daelpr],16,338,424151,20473,28145,true
backrefs,5,5,4037724866,[tmfvpo][[d-y][d-s]]?,[tmfvpo][[d-y][d-s]]?,18,353,112657,6502,27474,true
backrefs,5,6,8370032799,[eog][ctvaom]\B,[eog][ctvaom]\B,13,328,66161,3844,28159,true
backrefs,5,7,2767986875,[unoaryei][\w]$,[unoaryei][\w]$,19,321,2987,359,24304,true
backrefs,5,8,3141506592,[a-p][tuv][d-y][d-s],[a-p][tuv][d-y][d-s],13,319,35743,2359,24754,true
backrefs,5,9,3313543896,[onuaryei]\w$,[onuaryei]\w$,19,321,52847,3874,27051,true
backrefs,5,10,8657690939,[eoh][mcaov],[eoh][mcaov],11,332,223717,10954,26739,true
backrefs,5,11,9696640194,[a-p][tuv][d-y][d-s],[a-p][tuv][d-y][d-s],13,319,7339,672,25331,true
backrefs,5,12,6621545651,[rnouayei]\w$,[rnouayei]\w$,19,321,212207,11111,26707,true
backrefs,5,13,2492462788,[tfvmpo][d-y][d-s],[tfvmpo][d-y][d-s],18,353,26767,1844,27304,true
backrefs,5,14,3404588599,[onuaryei]\w$,[onuaryei]\w$,19,321,205729,9876,26847,true
backrefs,5,15,2330977742,[eunoaryi]\w$,[eunoaryi]\w$,19,321,491823,23161,27754,true
backrefs,5,16,6361187489,[onayurei][\w]\b,[onayurei][\w]\b,19,321,36174,2394,24912,true
backrefs,5,17,2805026820,[tuv][d-y][d-s],[tuv][d-y][d-s],14,317,98150,5328,25300,true
backrefs,5,18,4323456912,[mhtogali]\w[ne]\B,[mhtogali]\w[ne]\B,14,344,112991,6579,25194,true
backrefs,5,19,8361101999,[e-u][[e-n][l-t]+?[b-o]]?,[e-u][[e-n][l-t]+?[b-o]]?,15,335,154278,8407,27066,true
backrefs,5,20,9935136846,[tfvmpo][d-y][d-s],[tfvmpo][d-y][d-s],18,353,136376,7517,26536,true
backrefs,5,21,5217407358,[tfvmpo][d-y][d-s],[tfvmpo][d-y][d-s],18,353,104298,5548,26581,true
backrefs,5,22,5619256299,[tfvmpo][d-y][d-s],[tfvmpo][d-y][d-s],18,353,70998,4076,24799,true
backrefs,5,23,4560422870,[[b-r][a-o][tuv][d-y]]?,[[b-r][a-o][tuv][d-y]]?,12,330,59188,3689,25084,true
backrefs,5,24,5236888092,[b-r][a-o][tuv][d-y],[b-r][a-o][tuv][d-y],12,330,343196,16333,27553,true
backrefs,5,25,1337360711,[rnouayei]\w$,[rnouayei]\w$,19,321,263704,12799,26551,true
backrefs,5,26,7659837985,[tfvmpo][d-y][d-s],[tfvmpo][d-y][d-s],18,353,15872,1234,25174,true
backrefs,5,27,2521100877,[clgtxaum]\b,[clgtxaum]\b,13,314,21360,1391,23908,true
backrefs,5,28,8801535107,[rnouayei]\w$,[rnouayei]\w$,19,321,64350,3781,25457,true
backrefs,5,29,9651599436,[uoranyei]\w$,[uoranyei]\w$,19,321,17548,1313,23035,true
powers,5,1,2967301147,^xxxx$,^xxxx$,1,2329,2536,297,21534,true
powers,5,1,5600405384,^xx$,^xx$,1,2327,157,63,20850,true
powers,5,2,1632819610,[],[],0,2325,455768,16174,20925,true
powers,5,3,1412034944,^xx$,^xx$,1,2327,120,63,20940,true
powers,5,4,9724161943,^[x]xxx$,^[x]xxx$,1,2329,1349,188,20911,true
powers,5,5,4037724866,^[x]xxx$,^[x]xxx$,1,2329,926,156,20893,true
powers,5,6,8370032799,^xxxx$,^xxxx$,1,2329,22501,1313,21079,true
powers,5,7,2767986875,^xxx[x][x]xxx$,^xxx[x][x]xxx$,1,2333,6028,563,21041,true
powers,5,8,3141506592,^xx$,^xx$,1,2327,3594,406,21565,true
powers,5,9,3313543896,^xxxx\b,^xxxx\b,1,2329,34,31,21333,true
powers,5,10,8657690939,^x[x]xx$,^x[x]xx$,1,2329,3737,406,20988,true
powers,5,11,9696640194,^xxxx$,^xxxx$,1,2329,0,16,21297,true
powers,5,12,6621545651,^xx$,^xx$,1,2327,2298,297,20458,true
powers,5,13,2492462788,^xxxx$,^xxxx$,1,2329,553,109,21439,true
powers,5,14,3404588599,^xx$,^xx$,1,2327,4298,438,21271,true
powers,5,15,2330977742,^xx$,^xx$,1,2327,1169,188,21283,true
powers,5,16,6361187489,^xx$,^xx$,1,2327,353,92,21500,true
powers,5,17,2805026820,^xxxx$,^xxxx$,1,2329,2297,297,20911,true
powers,5,18,4323456912,^x[x]xx$,^x[x]xx$,1,2329,8303,703,21083,true
powers,5,19,8361101999,^.$,^.$,1,2326,316,94,21066,true
powers,5,20,9935136846,^xx$,^xx$,1,2327,72,47,21208,true
powers,5,21,5217407358,^x[x]\b,^x[x]\b,1,2327,173,63,21002,true
powers,5,22,5619256299,^xxxx$,^xxxx$,1,2329,5714,547,21256,true
powers,5,23,4560422870,^xx$,^xx$,1,2327,3916,422,21409,true
powers,5,24,5236888092,^xxxx$,^xxxx$,1,2329,8299,703,20925,true
powers,5,25,1337360711,^xxxx$,^xxxx$,1,2329,19293,1250,21161,true
powers,5,26,7659837985,^[x]xxx$,^[x]xxx$,1,2329,9703,735,20236,true
powers,5,27,2521100877,^xx$,^xx$,1,2327,0,0,19735,true
powers,5,28,8801535107,^xx$,^xx$,1,2327,1919,235,20034,true
powers,5,29,9651599436,^xxxx$,^xxxx$,1,2329,11644,829,20596,true
long-count,5,1,2967301147,[],[],0,1580,203231,7298,19330,true
long-count,5,1,5600405384,[],[],0,1580,179424,6782,20284,true
long-count,5,2,1632819610,[],[],0,1580,13284,875,19831,true
long-count,5,3,1412034944,[],[],0,1580,12552,891,20119,true
long-count,5,4,9724161943,[],[],0,1580,471982,16070,20179,true
long-count,5,5,4037724866,[],[],0,1580,592783,19487,19721,true
long-count,5,6,8370032799,[],[],0,1580,296423,10545,20312,true
long-count,5,7,2767986875,$1,$1,0,1580,8387,657,20236,true
long-count,5,8,3141506592,[],[],0,1580,593527,19518,19705,true
long-count,5,9,3313543896,[],[],0,1580,322295,11345,20063,true
long-count,5,10,8657690939,[],[],0,1580,463641,15923,20315,true
long-count,5,11,9696640194,  ,  ,0,1580,8816,704,20175,true
long-count,5,12,6621545651,[],[],0,1580,362977,12252,19487,true
long-count,5,13,2492462788,[],[],0,1580,9120,672,20299,true
long-count,5,14,3404588599,[],[],0,1580,336815,11985,20487,true
long-count,5,15,2330977742,[],[],0,1580,7422,609,20173,true
long-count,5,16,6361187489,[],[],0,1580,213155,7892,20003,true
long-count,5,17,2805026820,[],[],0,1580,597466,20194,20272,true
long-count,5,18,4323456912,[],[],0,1580,13010,907,20064,true
long-count,5,19,8361101999,[],[],0,1580,593482,19978,20181,true
long-count,5,20,9935136846,[],[],0,1580,410030,14173,20378,true
long-count,5,21,5217407358,[],[],0,1580,392388,13456,20096,true
long-count,5,22,5619256299,[],[],0,1580,457070,15236,19893,true
long-count,5,23,4560422870,[],[],0,1580,597272,19705,19783,true
long-count,5,24,5236888092,[],[],0,1580,265352,9486,20206,true
long-count,5,25,1337360711,[],[],0,1580,262846,9404,20186,true
long-count,5,26,7659837985,$0,$0,0,1580,9480,735,20064,true
long-count,5,27,2521100877,[],[],0,1580,592382,19425,19675,true
long-count,5,28,8801535107,[],[],0,1580,9003,704,20284,true
long-count,5,29,9651599436,[],[],0,1580,209577,7782,20268,true
alphabetical,5,1,2967301147,n[t]\D,n[t]\D,15,1104,587,94,18534,true
alphabetical,5,1,5600405384,ten,ten,5,1008,159,47,16081,true
alphabetical,5,2,1632819610,t r,t r,9,1056,240,63,16327,true
alphabetical,5,3,1412034944,nt\D,nt\D,15,1104,993,141,16624,true
alphabetical,5,4,9724161943,[st]$,[st]$,8,1008,29765,1469,17675,true
alphabetical,5,5,4037724866,e\w\wnt,e\w\wnt,11,1152,577,110,17237,true
alphabetical,5,6,8370032799,ten,ten,5,1008,582,109,16379,true
alphabetical,5,7,2767986875,nt\D,nt\D,15,1104,127,47,17784,true
alphabetical,5,8,3141506592,e\w\Dnt,e\w\Dnt,11,1152,697,109,16470,true
alphabetical,5,9,3313543896,nt\D,nt\D,15,1104,346,79,16159,true
alphabetical,5,10,8657690939,^a,^a,14,1056,61,47,16362,true
alphabetical,5,11,9696640194,nt\D,nt\D,15,1104,1000,157,16784,true
alphabetical,5,12,6621545651,nt\D,nt\D,15,1104,1851,235,16939,true
alphabetical,5,13,2492462788,nt\D,nt\D,15,1104,419,79,16331,true
alphabetical,5,14,3404588599,nt\D,nt\D,15,1104,196,47,16345,true
alphabetical,5,15,2330977742,e\w\wnt,e\w\wnt,11,1152,2382,282,16642,true
alphabetical,5,16,6361187489,e\w\Dnt,e\w\Dnt,11,1152,2387,282,16706,true
alphabetical,5,17,2805026820,nt\D,nt\D,15,1104,378,79,16658,true
alphabetical,5,18,4323456912,nt\D,nt\D,15,1104,1130,172,19628,true
alphabetical,5,19,8361101999,nt\D,nt\D,15,1104,225,63,18877,true
alphabetical,5,20,9935136846,nt\D,nt\D,15,1104,714,110,19612,true
alphabetical,5,21,5217407358,nt\D,nt\D,15,1104,1591,219,16659,true
alphabetical,5,22,5619256299,t\Dre,t\Dre,12,1104,316,78,16438,true
alphabetical,5,23,4560422870,ase,ase,5,960,100,47,17941,true
alphabetical,5,24,5236888092,nt\D,nt\D,15,1104,415,94,19440,true
alphabetical,5,25,1337360711,nt\D,nt\D,15,1104,305,79,18737,true
alphabetical,5,26,7659837985,[st]$,[st]$,8,1008,222,63,18519,true
alphabetical,5,27,2521100877,^[ -a],^[ -a],14,1056,321,79,18251,true
alphabetical,5,28,8801535107,nt\D,nt\D,15,1104,354,78,16471,true
alphabetical,5,29,9651599436,t$,t$,3,912,256,79,16423,true
abba,5,1,2967301147,[b-t][tuv],[b-t][tuv],18,360,8633,704,60079,true
abba,5,1,5600405384,[b-t][tuv],[b-t][tuv],18,360,12590,922,24844,true
abba,5,2,1632819610,[yuz],[yuz],15,342,15237,1078,60224,true
abba,5,3,1412034944,[b-t][tuv],[b-t][tuv],18,360,31144,1953,60160,true
abba,5,4,9724161943,[b-t][tuv],[b-t][tuv],18,360,89353,4497,23968,true
abba,5,5,4037724866,[b-t][uhtvz],[b-t][uhtvz],21,390,74558,3735,60460,true
abba,5,6,8370032799,^[apnrfdv],^[apnrfdv],12,334,3484,344,60153,true
abba,5,7,2767986875,[yuz],[yuz],15,342,112391,5517,24505,true
abba,5,8,3141506592,.[tuhz],.[tuhz],21,367,68254,3689,60007,true
abba,5,9,3313543896,[uyz],[uyz],15,342,3146,313,60022,true
abba,5,10,8657690939,^[rpanfdv],^[rpanfdv],12,334,1180,156,60132,true
abba,5,11,9696640194,[b-t][tuv],[b-t][tuv],18,360,23125,1454,24376,true
abba,5,12,6621545651,[b-t][tuv],[b-t][tuv],18,360,8256,688,24752,true
abba,5,13,2492462788,[b-t][tuv],[b-t][tuv],18,360,76124,3907,60006,true
abba,5,14,3404588599,[b-t][tuv],[b-t][tuv],18,360,34318,2108,60239,true
abba,5,15,2330977742,[uyz],[uyz],15,342,4225,407,60024,true
abba,5,16,6361187489,[b-t][tuv],[b-t][tuv],18,360,15026,1063,60086,true
abba,5,17,2805026820,[b-t][tuv],[b-t][tuv],18,360,32421,2047,24315,true
abba,5,18,4323456912,[b-t][tuv],[b-t][tuv],18,360,49579,2813,26299,true
abba,5,19,8361101999,[b-t][tuv],[b-t][tuv],18,360,65270,3344,24180,true
abba,5,20,9935136846,[b-t][tuv],[b-t][tuv],18,360,11878,875,60319,true
abba,5,21,5217407358,[b-t][tuv],[b-t][tuv],18,360,14698,1047,23941,true
abba,5,22,5619256299,[b-t][tuv],[b-t][tuv],18,360,15264,1032,60257,true
abba,5,23,4560422870,[b-t][tuv],[b-t][tuv],18,360,7786,672,60069,true
abba,5,24,5236888092,[b-t][tuv],[b-t][tuv],18,360,32182,2108,60114,true
abba,5,25,1337360711,[b-t][tuv],[b-t][tuv],18,360,22597,1438,60122,true
abba,5,26,7659837985,[b-t][tuv],[b-t][tuv],18,360,24981,1750,24237,true
abba,5,27,2521100877,[b-t][tuv],[b-t][tuv],18,360,4215,438,24346,true
abba,5,28,8801535107,[b-t][tuv],[b-t][tuv],18,360,56766,3391,25051,true
abba,5,29,9651599436,[uyz],[uyz],15,342,4023,375,60302,true
aman-aplan,5,1,2967301147,^[rktm],^[rktm],11,247,93445,4641,23818,true
aman-aplan,5,1,5600405384,^[kmrt],^[kmrt],11,247,61010,3375,24221,true
aman-aplan,5,2,1632819610,^[rktm],^[rktm],11,247,8964,735,22957,true
aman-aplan,5,3,1412034944,^[rst][eo],^[rst][eo],10,242,22090,1422,23331,true
aman-aplan,5,4,9724161943,^[rst][d-o],^[rst][d-o],10,242,9175,688,23588,true
aman-aplan,5,5,4037724866,[vrtoplknx]\w\w$,[vrtoplknx]\w\w$,15,270,54690,2922,23459,true
aman-aplan,5,6,8370032799,^[trkm],^[trkm],11,247,206829,8877,23831,true
aman-aplan,5,7,2767986875,^[rktm],^[rktm],11,247,183444,8048,23393,true
aman-aplan,5,8,3141506592,^[krtm],^[krtm],11,247,72462,3702,23673,true
aman-aplan,5,9,3313543896,[rtonvplkx]\w\w$,[rtonvplkx]\w\w$,15,270,218950,9720,23597,true
aman-aplan,5,10,8657690939,^[rktm],^[rktm],11,247,314429,12830,23534,true
aman-aplan,5,11,9696640194,^[rktm],^[rktm],11,247,122963,5658,22941,true
aman-aplan,5,12,6621545651,[tvroplknx]\w\w$,[tvroplknx]\w\w$,15,270,179471,7783,23019,true
aman-aplan,5,13,2492462788,^[rktm],^[rktm],11,247,64359,3532,24050,true
aman-aplan,5,14,3404588599,^[rst][d-o],^[rst][d-o],10,242,30623,1922,24081,true
aman-aplan,5,15,2330977742,^[rktm],^[rktm],11,247,108628,5047,23414,true
aman-aplan,5,16,6361187489,^[rktm],^[rktm],11,247,197348,8513,23405,true
aman-aplan,5,17,2805026820,[pvtrolknx]\w\w$,[pvtrolknx]\w\w$,15,270,309368,12469,23049,true
aman-aplan,5,18,4323456912,^[krtm],^[krtm],11,247,36820,2328,23675,true
aman-aplan,5,19,8361101999,[pvrtolknx]\w[\w]$,[pvrtolknx]\w[\w]$,15,270,104323,4939,22987,true
aman-aplan,5,20,9935136846,^[rst][d-o],^[rst][d-o],10,242,5932,532,24143,true
aman-aplan,5,21,5217407358,^[krtm],^[krtm],11,247,64246,3188,23567,true
aman-aplan,5,22,5619256299,^[krtm],^[krtm],11,247,258984,10939,23799,true
aman-aplan,5,23,4560422870,^[trkm],^[trkm],11,247,521582,19753,22487,true
aman-aplan,5,24,5236888092,^[mrtk],^[mrtk],11,247,1860,234,23440,true
aman-aplan,5,25,1337360711,^[trkm],^[trkm],11,247,176840,7922,22957,true
aman-aplan,5,26,7659837985,[rvtoplknx]\w\w$,[rvtoplknx]\w\w$,15,270,266598,10908,23502,true
aman-aplan,5,27,2521100877,[tvroplknx]\w\w$,[tvroplknx]\w\w$,15,270,160218,7685,23588,true
aman-aplan,5,28,8801535107,^[ktmr],^[ktmr],11,247,103280,4920,23642,true
aman-aplan,5,29,9651599436,[vprtolknx]\w\w$,[vprtolknx]\w\w$,15,270,300916,12346,23347,true
prime,5,1,2967301147,xxxxxxxxxxxxxxxxxxxxxxxxxxxxxxxxx,xxxxxxxxxxxxxxxxxxxxxxxxxxxxxxxxx,9,875,251120,18877,44740,true
prime,5,1,5600405384,xxxxxxxxxxxxxxxxxxxxxxxxxxxxxxxxx,xxxxxxxxxxxxxxxxxxxxxxxxxxxxxxxxx,9,875,45669,3438,43522,true
prime,5,2,1632819610,xxxxxxxxxxxxxxxxxxxxxxxxxxxxxxxxx,xxxxxxxxxxxxxxxxxxxxxxxxxxxxxxxxx,9,875,501654,38409,45239,true
prime,5,3,1412034944,.,.,20,639,5296,500,35145,true
prime,5,4,9724161943,xxxxxxxxxxxxxxxxxxxxxxxxxxxxxxxxx,xxxxxxxxxxxxxxxxxxxxxxxxxxxxxxxxx,9,875,60340,4422,43395,true
prime,5,5,4037724866,xxxxxxxxxxxxxxxxxxxxxxxxxxxxxxxxx,xxxxxxxxxxxxxxxxxxxxxxxxxxxxxxxxx,9,875,167900,12067,43149,true
prime,5,6,8370032799,xxxxxxxxxxxxxxxxxxxxxxxxxxxxxxxxx,xxxxxxxxxxxxxxxxxxxxxxxxxxxxxxxxx,9,875,398177,32052,47444,true
prime,5,7,2767986875,.,.,20,639,5619,579,35581,true
prime,5,8,3141506592,xxxxxxxxxxxxxxxxxxxxxxxxxxxxxxxxx,xxxxxxxxxxxxxxxxxxxxxxxxxxxxxxxxx,9,875,214359,16298,41974,true
prime,5,9,3313543896,xxxxxxxxxxxxxxxxxxxxxxxxxxxxxxxxx,xxxxxxxxxxxxxxxxxxxxxxxxxxxxxxxxx,9,875,540509,40101,44679,true
prime,5,10,8657690939,xxxxxxxxxxxxxxxxxxxxxxxxxxxxxxxxx,xxxxxxxxxxxxxxxxxxxxxxxxxxxxxxxxx,9,875,398104,30674,46676,true
prime,5,11,9696640194,xxxxxxxxxxxxxxxxxxxxxxxxxxxxxxxxx,xxxxxxxxxxxxxxxxxxxxxxxxxxxxxxxxx,9,875,325882,23722,43054,true
prime,5,12,6621545651,xxxxxxxxxxxxxxxxxxxxxxxxxxxxxxxxx,xxxxxxxxxxxxxxxxxxxxxxxxxxxxxxxxx,9,875,504386,36083,42959,true
prime,5,13,2492462788,.,.,20,639,5159,485,34801,true
prime,5,14,3404588599,xxxxxxxxxxxxxxxxxxxxxxxxxxxxxxxxx,xxxxxxxxxxxxxxxxxxxxxxxxxxxxxxxxx,9,875,316376,23816,45334,true
prime,5,15,2330977742,xxxxxxxxxxxxxxxxxxxxxxxxxxxxxxxxx,xxxxxxxxxxxxxxxxxxxxxxxxxxxxxxxxx,9,875,492249,34800,41989,true
prime,5,16,6361187489,xxxxxxxxxxxxxxxxxxxxxxxxxxxxxxxxx,xxxxxxxxxxxxxxxxxxxxxxxxxxxxxxxxx,9,875,473211,36692,46567,true
prime,5,17,2805026820,.,.,20,639,5931,547,35253,true
prime,5,18,4323456912,xxxxxxxxxxxxxxxxxxxxxxxxxxxxxxxxx,xxxxxxxxxxxxxxxxxxxxxxxxxxxxxxxxx,9,875,248006,18517,42760,true
prime,5,19,8361101999,xxxxxxxxxxxxxxxxxxxxxxxxxxxxxxxxx,xxxxxxxxxxxxxxxxxxxxxxxxxxxxxxxxx,9,875,191275,14548,45222,true
prime,5,20,9935136846,xxxxxxxxxxxxxxxxxxxxxxxxxxxxxxxxx,xxxxxxxxxxxxxxxxxxxxxxxxxxxxxxxxx,9,875,174807,13018,43974,true
prime,5,21,5217407358,xxxxxxxxxxxxxxxxxxxxxxxxxxxxxxxxx,xxxxxxxxxxxxxxxxxxxxxxxxxxxxxxxxx,9,875,294547,21830,42864,true
prime,5,22,5619256299,xxxxxxxxxxxxxxxxxxxxxxxxxxxxxxxxx,xxxxxxxxxxxxxxxxxxxxxxxxxxxxxxxxx,9,875,460092,32972,42755,true
prime,5,23,4560422870,xxxxxxxxxxxxxxxxxxxxxxxxxxxxxxxxx,xxxxxxxxxxxxxxxxxxxxxxxxxxxxxxxxx,9,875,453146,31426,41864,true
prime,5,24,5236888092,xxxxxxxxxxxxxxxxxxxxxxxxxxxxxxxxx,xxxxxxxxxxxxxxxxxxxxxxxxxxxxxxxxx,9,875,466026,32161,40834,true
prime,5,25,1337360711,xxxxxxxxxxxxxxxxxxxxxxxxxxxxxxxxx,xxxxxxxxxxxxxxxxxxxxxxxxxxxxxxxxx,9,875,373034,26567,42242,true
prime,5,26,7659837985,xxxxxxxxxxxxxxxxxxxxxxxxxxxxxxxxx,xxxxxxxxxxxxxxxxxxxxxxxxxxxxxxxxx,9,875,192478,14438,42877,true
prime,5,27,2521100877,.,.,20,639,5574,516,35331,true
prime,5,28,8801535107,xxxxxxxxxxxxxxxxxxxxxxxxxxxxxxxxx,xxxxxxxxxxxxxxxxxxxxxxxxxxxxxxxxx,9,875,427562,30677,43100,true
prime,5,29,9651599436,xxxxxxxxxxxxxxxxxxxxxxxxxxxxxxxxx,xxxxxxxxxxxxxxxxxxxxxxxxxxxxxxxxx,9,875,569702,41049,43331,true
four,5,1,2967301147,[i-o][lm][b-y],[i-o][lm][b-y],15,396,34386,2000,21518,true
four,5,1,5600405384,[M-t][i-o][lm][b-y],[M-t][i-o][lm][b-y],15,407,324633,14266,24565,true
four,5,2,1632819610,[i-o][m-r][m-t],[i-o][m-r][m-t],16,407,39082,2469,23505,true
four,5,3,1412034944,[j-p][f-r][m-r],[j-p][f-r][m-r],14,394,16514,1156,26143,true
four,5,4,9724161943,[m-s][i-o][otlpbrn],[m-s][i-o][otlpbrn],16,411,212343,10018,24582,true
four,5,5,4037724866,[oskj][acism],[oskj][acism],19,436,70385,4111,22737,true
four,5,6,8370032799,[m-p][f-r]?[m-p],[m-p][f-r]?[m-p],15,399,161878,7548,23175,true
four,5,7,2767986875,[M-t][i-o][lm][b-y],[M-t][i-o][lm][b-y],15,407,175559,8658,26363,true
four,5,8,3141506592,[M-s][i-o][lm][b-o],[M-s][i-o][lm][b-o],14,407,91159,4814,23112,true
four,5,9,3313543896,[[M-t]]?[[i-o]]?[lm][b-y],[[M-t]]?[[i-o]]?[lm][b-y],15,407,85438,4564,25472,true
four,5,10,8657690939,[uto][\D][o],[uto][\D][o],14,377,45661,2360,21048,true
four,5,11,9696640194,[i-o][lm][b-y],[i-o][lm][b-y],15,396,10080,797,27331,true
four,5,12,6621545651,[[d-t]]?[i-o][f-r][m-t],[[d-t]]?[i-o][f-r][m-t],16,425,232653,11393,26318,true
four,5,13,2492462788,[ou]\wo,[ou]\wo,13,377,8684,641,18971,true
four,5,14,3404588599,[ou][\w]o,[ou][\w]o,13,377,14065,951,20391,true
four,5,15,2330977742,[M-t][i-o][lm][b-y],[M-t][i-o][lm][b-y],15,407,50808,3219,27073,true
four,5,16,6361187489,[pmild]o,[pmild]o,13,385,67912,3469,26224,true
four,5,17,2805026820,[m-p][f-r]?[m-p],[m-p][f-r]?[m-p],15,399,49773,2657,23113,true
four,5,18,4323456912,[m-p][f-r]?[m-p],[m-p][f-r]?[m-p],15,399,227921,10486,25816,true
four,5,19,8361101999,[i-o][lm][b-y],[i-o][lm][b-y],15,396,51673,2778,25610,true
four,5,20,9935136846,[mldpi]o,[mldpi]o,13,385,112291,5375,25472,true
four,5,21,5217407358,[osg][mdic],[osg][mdic],17,439,226459,10345,22942,true
four,5,22,5619256299,[ou]\w[o],[ou]\w[o],13,377,4121,422,20019,true
four,5,23,4560422870,[m-p][f-r]?[m-p],[m-p][f-r]?[m-p],15,399,107554,5423,24018,true
four,5,24,5236888092,[i-o][lm][b-y],[i-o][lm][b-y],15,396,14339,1079,21566,true
four,5,25,1337360711,[d-t][i-o][m-p][j-t],[d-t][i-o][m-p][j-t],14,402,238401,10923,23595,true
four,5,26,7659837985,[d-t][i-o][m-p][j-t],[d-t][i-o][m-p][j-t],14,402,165196,8266,22598,true
four,5,27,2521100877,[lpema][os],[lpema][os],15,400,155132,7642,24989,true
four,5,28,8801535107,[i-o][f-s][m-p],[i-o][f-s][m-p],15,410,78013,3953,23971,true
four,5,29,9651599436,[plmdi]o,[plmdi]o,13,385,84959,4203,21878,true
triples,5,1,2967301147,[745]8,[745]8,6,225,1757,219,18643,true
triples,5,1,5600405384,6$,6$,2,207,265,79,60164,true
triples,5,2,1632819610,[\w]\w7,[\w]\w7,10,243,500,94,60007,true
triples,5,3,1412034944,\w4,\w4,10,216,10453,610,15206,true
triples,5,4,9724161943,6$,6$,2,207,101,47,60381,true
triples,5,5,4037724866,00,00,9,225,424,94,16853,true
triples,5,6,8370032799,\B4,\B4,10,216,11163,625,14923,true
triples,5,7,2767986875,24,24,3,216,599995,15281,15281,true
triples,5,8,3141506592,\B4,\B4,10,216,11220,657,15346,true
triples,5,9,3313543896,\B4,\B4,10,216,10537,610,15300,true
triples,5,10,8657690939,[63925],[63925],20,225,7834,672,16832,true
triples,5,11,9696640194,[7935]5,[7935]5,7,234,719,125,60179,true
triples,5,12,6621545651,24,24,3,216,599995,15456,15456,true
triples,5,13,2492462788,00,00,9,225,663,110,15314,true
triples,5,14,3404588599,\B4,\B4,10,216,10523,594,15128,true
triples,5,15,2330977742,24,24,3,216,599998,14876,14876,true
triples,5,16,6361187489,\B\w7,\B\w7,10,243,168,47,15253,true
triples,5,17,2805026820,00,00,9,225,262,63,60013,true
triples,5,18,4323456912,\w4,\w4,10,216,10508,610,15001,true
triples,5,19,8361101999,^[038],^[038],13,225,796,109,60070,true
triples,5,20,9935136846,[567][456],[567][456],9,225,49639,2297,17549,true
triples,5,21,5217407358,[0-7][0-6]$,[0-7][0-6]$,16,234,88298,6172,60008,true
triples,5,22,5619256299,24,24,3,216,599995,15237,15237,true
triples,5,23,4560422870,00,00,9,225,357,79,19003,true
triples,5,24,5236888092,0\w5,0\w5,4,216,286,79,15376,true
triples,5,25,1337360711,[0]0,[0]0,9,225,1038,157,18314,true
triples,5,26,7659837985,\B4,\B4,10,216,10402,625,14988,true
triples,5,27,2521100877,[6024]$,[6024]$,10,234,547,110,19331,true
triples,5,28,8801535107,^[308],^[308],13,225,391,94,60045,true
triples,5,29,9651599436,00,00,9,225,1351,188,19879,true
glob,5,1,2967301147,^[cpblwdm],^[cpblwdm],14,965,57293,3235,60444,true
glob,5,1,5600405384,[dlnbptg]e\B,[dlnbptg]e\B,16,1024,105435,5627,60304,true
glob,5,2,1632819610,^[blpcwdm],^[blpcwdm],14,965,19552,1360,60008,true
glob,5,3,1412034944,[\*ydlr] ,[\*ydlr] ,18,967,101026,5189,60185,true
glob,5,4,9724161943,^[cpblwdm],^[cpblwdm],14,965,4482,422,60193,true
glob,5,5,4037724866,[lnpdbtg]e\B,[lnpdbtg]e\B,16,1024,3215,360,60037,true
glob,5,6,8370032799,^[a-d][b-r]\B,^[a-d][b-r]\B,7,837,14810,1032,25019,true
glob,5,7,2767986875,^[crpblwdm],^[crpblwdm],15,965,165903,24018,60443,true
glob,5,8,3141506592,[ldgbpnt]e\B,[ldgbpnt]e\B,16,1024,70365,3656,43737,true
glob,5,9,3313543896,[bldgpnt]e\B,[bldgpnt]e\B,16,1024,41638,2592,60382,true
glob,5,10,8657690939,[s-y][ -e][l-s]+?.[k-t],[s-y][ -e][l-s]+?.[k-t],15,1012,17631,1406,60196,true
glob,5,11,9696640194,[bldgpnt]e\B,[bldgpnt]e\B,16,1024,2553,313,60132,true
glob,5,12,6621545651,^[pbclwdm],^[pbclwdm],14,965,6244,545,60192,true
glob,5,13,2492462788,^[pcblwdm],^[pcblwdm],14,965,23565,1688,60055,true
glob,5,14,3404588599,[ldbgpnt]e\B,[ldbgpnt]e\B,16,1024,8599,735,60007,true
glob,5,15,2330977742,[b-e][n-r].[ -t][ -r].,[b-e][n-r].[ -t][ -r].,16,1055,101922,5471,60383,true
glob,5,16,6361187489,[\Wrcwl][norbpf],[\Wrcwl][norbpf],20,1172,55365,3326,60347,true
glob,5,17,2805026820,[ sl][ -e][l-s].[k-t],[ sl][ -e][l-s].[k-t],17,1067,47156,3141,45131,true
glob,5,18,4323456912,[ldgbpnt][e]\B,[ldgbpnt][e]\B,16,1024,5689,532,60096,true
glob,5,19,8361101999,[ldgbpnt]e\B,[ldgbpnt]e\B,16,1024,2586,297,60468,true
glob,5,20,9935136846,[bldgpnt]e\B,[bldgpnt]e\B,16,1024,45313,2766,60367,true
glob,5,21,5217407358,^[blpcwdmr],^[blpcwdmr],15,965,98937,12156,60287,true
glob,5,22,5619256299,[ldgbpnt]e\B,[ldgbpnt]e\B,16,1024,18748,1235,60225,true
glob,5,23,4560422870,[rlnp][roe]\B,[rlnp][roe]\B,21,1139,160002,8546,60152,true
glob,5,24,5236888092,[bldgpnt]e\B,[bldgpnt]e\B,16,1024,4980,516,60413,true
glob,5,25,1337360711,[a-d][b-r][rowkl],[a-d][b-r][rowkl],12,871,22333,1422,25205,true
glob,5,26,7659837985,[ldgbpnt]e\B,[ldgbpnt]e\B,16,1024,7961,657,27674,true
glob,5,27,2521100877,[s-y][ -e][l-s]+?.[k-t],[s-y][ -e][l-s]+?.[k-t],15,1012,34866,2407,60071,true
glob,5,28,8801535107,^[pcblwdm],^[pcblwdm],14,965,24398,1672,60054,true
glob,5,29,9651599436,^[pcblwdm],^[pcblwdm],14,965,12180,922,60312,true
balance,5,1,2967301147,<<\W>>>\W<<\W,<<\W>>>\W<<\W,25,2157,5090,516,34141,true
balance,5,1,5600405384,<<\W>>>\W<<\W,<<\W>>>\W<<\W,25,2157,57114,3922,28769,true
balance,5,2,1632819610,<<\W>>>\W<<\W,<<\W>>>\W<<\W,25,2157,75287,5016,32300,true
balance,5,3,1412034944,\W<\W>>>[<]<\W\W,\W<\W>>>[<]<\W\W,25,2108,3258,407,19957,true
balance,5,4,9724161943,<<>>\W\W\W\W\W\W\W>>,<<>>\W\W\W\W\W\W\W>>,25,2123,19170,1485,24285,true
balance,5,5,4037724866,<<\W>>>\W<<\W,<<\W>>>\W<<\W,25,2157,11091,985,22470,true
balance,5,6,8370032799,<<\W>>>\W<<\W,<<\W>>>\W<<\W,25,2157,131888,9017,31535,true
balance,5,7,2767986875,<<\W>>>\W<<\W,<<\W>>>\W<<\W,25,2157,47277,3375,33285,true
balance,5,8,3141506592,<<[><]>>>\W[<]<\W,<<[><]>>>\W[<]<\W,25,2157,29091,2125,31301,true
balance,5,9,3313543896,<<\W>>>\W<<\W,<<\W>>>\W<<\W,25,2157,51935,3513,32580,true
balance,5,10,8657690939,<<\W>>>\W<<\W,<<\W>>>\W<<\W,25,2157,3754,422,20611,true
balance,5,11,9696640194,<<\W>>>\W<[<]\W,<<\W>>>\W<[<]\W,25,2157,29842,2188,22801,true
balance,5,12,6621545651,>[>][\W]\W\W\W<<\W>>\W,>[>][\W]\W\W\W<<\W>>\W,25,2116,6806,625,20580,true
balance,5,13,2492462788,<<\W>>>\W<<\W,<<\W>>>\W<<\W,25,2157,82600,5453,30284,true
balance,5,14,3404588599,>><\W\W\W<\W\W>>,>><\W\W\W<\W\W>>,25,2135,51587,3469,30474,true
balance,5,15,2330977742,\W<[<]>>>\W\W[<]\W\W,\W<[<]>>>\W\W[<]\W\W,25,2117,6721,657,23001,true
balance,5,16,6361187489,<<\W>>>\W<<\W,<<\W>>>\W<<\W,25,2157,20038,1641,32113,true
balance,5,17,2805026820,<<.>>>\W<<\W,<<.>>>\W<<\W,25,2157,56300,3875,35723,true
balance,5,18,4323456912,<<\W>>>\W<<\W,<<\W>>>\W<<\W,25,2157,1541,219,36316,true
balance,5,19,8361101999,<<\W>>>\W<<\W,<<\W>>>\W<<\W,25,2157,27748,2032,27771,true
balance,5,20,9935136846,<<\W>>>\W<<\W,<<\W>>>\W<<\W,25,2157,44610,3141,25457,true
balance,5,21,5217407358,<<\W>>>\W<<\W,<<\W>>>\W<<\W,25,2157,282615,17643,35489,true
balance,5,22,5619256299,<<.>>>\W<<\W,<<.>>>\W<<\W,25,2157,36929,2610,32020,true
balance,5,23,4560422870,<<.>>>\W<<\W,<<.>>>\W<<\W,25,2157,36190,2436,35986,true
balance,5,24,5236888092,<<\W>>>\W<<\W,<<\W>>>\W<<\W,25,2157,50640,3735,38552,true
balance,5,25,1337360711,[<]<.>>>\W<<\W,[<]<.>>>\W<<\W,25,2157,13380,1204,32441,true
balance,5,26,7659837985,<<\W>>>\W<<\W,<<\W>>>\W<<\W,25,2157,13568,1157,32661,true
balance,5,27,2521100877,\W<\W>>><<\W\W,\W<\W>>><<\W\W,25,2108,33372,2344,28301,true
balance,5,28,8801535107,<<\W>>>\W<<\W,<<\W>>>\W<<\W,25,2157,57040,4017,31659,true
balance,5,29,9651599436,<<\W>>>\W<<\W,<<\W>>>\W<<\W,25,2157,25205,1703,32768,true
order,5,1,2967301147,^[a-f][b-o]+?[e-t],^[a-f][b-o]+?[e-t],19,267,32383,2204,60194,true
order,5,1,5600405384,^[a-f][b-o]+?[e-t],^[a-f][b-o]+?[e-t],19,267,26283,1766,60397,true
order,5,2,1632819610,^[a-f][b-o]+?[e-t],^[a-f][b-o]+?[e-t],19,267,18673,1282,60174,true
order,5,3,1412034944,^[a-f]+?[b-o][e-t],^[a-f]+?[b-o][e-t],19,267,37764,2485,60203,true
order,5,4,9724161943,^[bcafd],^[bcafd],19,237,36034,5469,60397,true
order,5,5,4037724866,^[dcaf],^[dcaf],15,237,3522,344,60242,true
order,5,6,8370032799,^[a-f][b-z]+?$,^[a-f][b-z]+?$,19,267,165473,8579,60224,true
order,5,7,2767986875,^[bcafd],^[bcafd],19,237,38081,6580,60132,true
order,5,8,3141506592,^[a-f][b-o]+?[e-t],^[a-f][b-o]+?[e-t],19,267,40620,2532,60326,true
order,5,9,3313543896,^[cafd],^[cafd],15,237,18167,1250,60461,true
order,5,10,8657690939,^[a-f]+?[b-o][e-t],^[a-f]+?[b-o][e-t],19,267,26330,1671,23376,true
order,5,11,9696640194,^[cafd],^[cafd],15,237,7928,641,60414,true
order,5,12,6621545651,^[a-f][b-o]+?[e-t],^[a-f][b-o]+?[e-t],19,267,13977,1032,23096,true
order,5,13,2492462788,^[a-f][b-o]+?[e-t],^[a-f][b-o]+?[e-t],19,267,39629,2297,60242,true
order,5,14,3404588599,^[a-f][b-o]+?[e-t],^[a-f][b-o]+?[e-t],19,267,145076,7392,60090,true
order,5,15,2330977742,^[a-f][b-o]+?[e-t],^[a-f][b-o]+?[e-t],19,267,60136,3625,60021,true
order,5,16,6361187489,^[a-f][b-o]+?[e-t],^[a-f][b-o]+?[e-t],19,267,8473,688,60147,true
order,5,17,2805026820,^[fcad],^[fcad],15,237,7959,579,60444,true
order,5,18,4323456912,^[a-f][b-o]+?[e-t],^[a-f][b-o]+?[e-t],19,267,10491,813,60148,true
order,5,19,8361101999,^[a-f][b-o]+?[e-t],^[a-f][b-o]+?[e-t],19,267,10220,782,60319,true
order,5,20,9935136846,^[a-f][b-o]+?[e-t],^[a-f][b-o]+?[e-t],19,267,13290,985,60181,true
order,5,21,5217407358,^[a-f][b-o]+?[e-t],^[a-f][b-o]+?[e-t],19,267,62620,3282,60412,true
order,5,22,5619256299,^[a-f][b-o]+?[e-t],^[a-f][b-o]+?[e-t],19,267,10979,860,60086,true
order,5,23,4560422870,^[cafd],^[cafd],15,237,6217,516,60444,true
order,5,24,5236888092,^[a-f]+?[b-o][e-t],^[a-f]+?[b-o][e-t],19,267,21129,1469,16262882,true
order,5,25,1337360711,^[a-f][b-o]+?[e-t],^[a-f][b-o]+?[e-t],19,267,20277,1408,60023,true
order,5,26,7659837985,^[a-f][b-o]+?[e-t],^[a-f][b-o]+?[e-t],19,267,40883,2454,60288,true
order,5,27,2521100877,^[a-f][b-z]+?$,^[a-f][b-z]+?$,19,267,67603,4016,18014647,true
order,5,28,8801535107,^[bcafd],^[bcafd],19,237,40658,9782,60085,true
order,5,29,9651599436,^[a-f][b-o]+?[e-t],^[a-f][b-o]+?[e-t],19,267,12169,907,60179,true
