Nome,Depth,i,seed,Melhor_solucao,Melhor_solucao_shrunk,Melhor_fitness,Nossa_fitness,Numero_de_comparacoes,Tempo_avaliacao,Tempo_para_encontrar_melhor_solucao,Tempo_total,Timed_out
warmup,5,1,2967301147,l^f|foo|^s$,l^f|foo|^s$,21,42,46281,0,3011,84193,true
order,5,1,2967301147,^[a-e][c-l]|rznty|o[o-y][p-y]|\b[f-o]i,^[a-e][c-l]|rznty|o[o-y][p-y]|\b[f-o]i,20,41,251813,0,32695,98412,true
warmup,5,1,5600405384,[fg]oo,[fg]oo,21,42,286333,0,26186,57552,false
order,5,1,5600405384,[^]h^wc|^[abc][c-h]|[a-o]o[o-t]|[e-i]i,.h^wc|[abc][c-h]|[a-o]o[o-t]|[e-i]i,21,42,501660,0,60187,77833,true
order,5,2,1632819610,^[abc][cde][c-l]|g[^h]o|[st][t-z]\b|[o-r][s-y]\b|p$,^[abc][cde][c-l]|g[^h]o|[st][t-z]\b|[o-r][s-y]\b|p$,20,41,387571,0,40926,73892,true
order,5,3,1412034944,^[a-o][c-o][c-t][e-t],^[a-o][c-o][c-t][e-t],20,41,379487,0,28805,44635,false
abba,5,1,2967301147,[^oi]v|n*[f-t](b|u)|hi|[a-i][t-z]$\1,[^i-o]v|n*[f-t](b|u)|hi|[a-i][t-z]$\#,18,40,379680,0,250232,370557,true
abba,5,1,5600405384,[c-t][tuv]z|,[c-t][tuv]z|,15,37,423007,0,24040,37172,false
warmup,5,2,1632819610,foo,foo,21,42,367175,0,255695,282177,true
abba,5,2,1632819610,t\b|phi|^n|^v|\Bu|[yz]\B,t\b|phi|^n|v|\Bu|[yz]\B,18,40,440711,0,48781,62619,true
warmup,5,3,1412034944,[fg]oo,[fg]oo,21,42,434339,0,49823,67260,true
abba,5,3,1412034944,h[i-t]|[t-z]e|\Bu,h[i-t]|[t-z]e|\Bu,15,37,528926,0,33305,38923,false
order,5,4,9724161943,[f-o][o-t][p-t]|[abc][c-h],[f-o][o-t][p-t]|[abc][c-h],19,40,248431,0,21084,233581,true
warmup,5,4,9724161943,[fg]oo,[fg]oo,21,42,401677,0,49765,67153,true
abba,5,4,9724161943,^n|mi|u|[yz],^n|mi|u|[yz],14,36,244564,0,18573,46154,false
warmup,5,5,4037724866,foo,foo,21,42,141466,1,15843,61810,true
abba,5,5,4037724866,it|yt|z|u|h[f-t][a-n]|[t-z]$,it|yt|z|u|h[f-t][a-n]|[t-z]$,18,40,549023,0,57106,68400,true
order,5,5,4037724866,z^ltw|[abc][c-h]e|[f-t][o-t][o-z]$,z^ltw|[abc][c-h]e|[f-t][o-t][o-z]$,20,41,348453,0,50758,97466,true
abba,5,6,8370032799,[c-t][tuv]z|,[c-t][tuv]z|,15,37,499168,0,36075,44160,false
powers,5,1,2967301147,(^x*?x)\1$,{0}(^x*?x)\#$,6,17,408146,1,474371,681260,true
order,5,6,8370032799,sb[^]g[p-t]|[abc][c-h]e|[f-t][o-t][o-z]$,sb[^]g[p-t]|[abc][c-h]e|[f-t][o-t][o-z]$,20,41,509087,0,66523,89438,true
abba,5,7,2767986875,[f-t][t-z]|l$,[f-t][t-z]|l$,13,35,169972,1,11896,67350,true
warmup,5,6,8370032799,foo,foo,21,42,72432,0,6605,161277,true
order,5,7,2767986875,^[a-e][c-l]|wt[o-z]|o[o-y][s-y]|[o-y]ty|w$,^[a-e][c-l]|wt[o-z]|o[o-y][s-y]|[o-y]ty|w$,20,41,307253,0,36712,93199,true
warmup,5,7,2767986875,foo,foo,21,42,198064,0,22657,51313,false
order,5,8,3141506592,^[abc][c-l]|tz|[^el][m-t][o-y]\b$,^[abc][c-l]|tz|[^el][m-t][o-y]\b$,20,41,132634,1,14876,66749,true
warmup,5,8,3141506592,foo,foo,21,42,322370,0,31568,56662,false
abba,5,8,3141506592,[^c](h|z|u)|yo[f-t]t|$\1,[^c](h|z|u)|yo[f-t]t|$\#,17,39,546503,0,43322,177614,true
abba,5,9,3313543896,[c-t][tuv]z|,[c-t][tuv]z|,15,37,451744,0,29115,38672,false
order,5,9,3313543896,^[a-o][c-o][c-t][e-t],^[a-o][c-o][c-t][e-t],20,41,556259,0,67087,72226,true
warmup,5,9,3313543896,foo,foo,21,42,471380,0,76539,88363,true
abba,5,10,8657690939,[^][tu]z|,.[tu]z|,13,35,146040,0,9956,34022,false
warmup,5,10,8657690939,[fg]oo,[fg]oo,21,42,152273,0,8312,50964,false
abba,5,11,9696640194,[c-t][tuv]z|,[c-t][tuv]z|,15,37,172074,0,9099,37915,false
abba,5,12,6621545651,z|u|[i-t]h|[n-t][f-t]t[a-i]|[t-z]$,z|u|[i-t]h|[n-t][f-t]t[a-i]|[t-z]$,18,40,356262,0,22381,41426,false
warmup,5,11,9696640194,foo,foo,21,42,561236,0,47504,49576,false
order,5,10,8657690939,^[a-o][c-o][c-t][e-t],^[a-o][c-o][c-t][e-t],20,41,42865,0,4354,160857,true
warmup,5,12,6621545651,foo,foo,21,42,560150,0,51249,53270,false
order,5,11,9696640194,^[a-o][c-o][c-t][e-t],^[a-o][c-o][c-t][e-t],20,41,290825,0,18422,46352,false
order,5,12,6621545651,^[a-g][c-o][c-t][e-t]|loy|h$,^[a-g][c-o][c-t][e-t]|loy|h$,20,41,94551,0,6909,62163,true
order,5,13,2492462788,^[a-o][c-o][c-t][e-t],^[a-o][c-o][c-t][e-t],20,41,81887,0,5117,47120,false
order,5,14,3404588599,[^e]s[t-y]$|^[a-f][c-o][c-t][e-t],[^e]s[t-y]$|^[a-f][c-o][c-t][e-t],21,42,106265,0,8840,53395,false
powers,5,1,5600405384,^x?x$,^x?x$,2,13,469318,0,557770,650235,true
order,5,15,2330977742,^[abc][c-h][c-l]|po|[f-t][o-t][o-y]\b,^[abc][c-h][c-l]|po|[f-t][o-t][o-y]\b,20,41,216328,0,15329,68688,true
warmup,5,13,2492462788,foo,foo,21,42,387196,0,272832,292043,true
order,5,16,6361187489,[^]ft^|^[a-e][c-l]|[t-y]$,.ft^|^[a-e][c-l]|[t-y]$,18,39,74065,0,6049,52641,false
warmup,5,14,3404588599,foo,foo,21,42,25476,0,2119,66245,true
abba,5,13,2492462788,[f-t]\1([t-z]|h),[f-t]\#([t-z]|h),14,36,362869,0,16615,432827,true
warmup,5,15,2330977742,foo,foo,21,42,5904,0,922,39670,false
order,5,17,2805026820,[^]fi|^[a-o][c-o][c-t][e-t],.fi|^[a-o][c-o][c-t][e-t],20,41,183585,0,15279,108210,true
warmup,5,16,6361187489,foo,foo,21,42,542278,0,35946,39076,false
warmup,5,17,2805026820,[fg]oo,[fg]oo,21,42,11755,0,1471,57072,false
order,5,18,4323456912,ty|o[o-t]s|\b[a-o][c-l][c-o][e-s]|^i[nop],ty|o[o-t]s|\b[a-o][c-l][c-o][e-s]|^i[nop],21,42,224671,0,20595,72338,true
warmup,5,18,4323456912,foo|g$,foo|g$,21,42,197499,0,18250,75513,true
order,5,19,8361101999,me|[bcd][e-h]|[o-t][t-y]$,me|[bcd][e-h]|[o-t][t-y]$,19,40,499409,0,56081,72112,true
order,5,20,9935136846,^[a-o][c-o][c-t][e-t],^[a-o][c-o][c-t][e-t],20,41,66392,0,6217,87144,true
warmup,5,19,8361101999,foo,foo,21,42,76707,0,8283,113816,true
order,5,21,5217407358,^[a-o][c-o][c-t][e-t],^[a-o][c-o][c-t][e-t],20,41,197758,0,17111,62088,true
warmup,5,20,9935136846,foo,foo,21,42,280125,0,21842,50715,false
warmup,5,21,5217407358,[fg]oo,[fg]oo,21,42,74710,0,6592,39987,false
order,5,22,5619256299,t[o-z]|o[o-t]|\b[abc][c-h],t[o-z]|o[o-t]|\b[abc][c-h],18,39,245645,0,22145,66122,true
warmup,5,22,5619256299,foo,foo,21,42,248858,0,15830,41392,false
order,5,23,4560422870,^[abc][cde][c-l]|p[o-t][o-t]z|[f-t][o-t][o-z]$,^[abc][cde][c-l]|p[o-t][o-t]z|[f-t][o-t][o-z]$,20,41,513613,0,48107,61241,true
powers,5,2,1632819610,^x(x*x?)\1x$,^x(x*x?)\1x$,6,17,111512,0,135943,694205,true
order,5,24,5236888092,^[a-o][c-o][c-t][e-t],^[a-o][c-o][c-t][e-t],20,41,144730,0,10769,51650,false
warmup,5,23,4560422870,foo,foo,21,42,52967,0,4376,88213,true
warmup,5,24,5236888092,foo,foo,21,42,494937,0,27477,32165,false
order,5,25,1337360711,^a[c-l]|[f-t][f-t][n-z]$,^a[c-l]|[f-t][f-t][n-z]$,20,41,404226,0,32813,51423,false
warmup,5,25,1337360711,[fg]oo,[fg]oo,21,42,385785,0,45673,59787,false
order,5,26,7659837985,^c|no[i-o][o-y]|[bcd]e|u[e-h]|[o-t][t-z]$,^c|no[i-o][o-y]|[bcd]e|u[e-h]|[o-t][t-z]$,20,41,258943,0,22934,62682,true
warmup,5,26,7659837985,foo|hi,foo|hi,21,42,7974,0,1035,56498,false
order,5,27,2521100877,[o-t]\w[t-z]\b|[o-r]b[o-y]\b|^[a-e][c-l],[o-t]\w[t-z]\b|[o-r]b[o-y]\b|^[a-e][c-l],20,41,504381,0,49668,62664,true
warmup,5,27,2521100877,foo|^r,foo|^r,21,42,331248,0,25709,46004,false
order,5,28,8801535107,[st][t-z]\b|[o-r][o-y]\b|[c-o][c-o][l-o]$,[st][t-z]\b|[o-r][o-y]\b|[c-o][c-o][l-o]$,19,40,386583,0,36114,60843,true
warmup,5,28,8801535107,foo,foo,21,42,143772,0,8247,43445,false
abba,5,14,3404588599,[^c](v|h|z|u)|t[a-h]\1,[^c](v|h|z|u)|t[a-h]\#,18,40,78940,0,42446,794815,true
abba,5,15,2330977742,it|yt|z|u|h[i-t][a-p],it|yt|z|u|h[i-t][a-p],17,39,472181,0,25667,34944,false
warmup,5,29,9651599436,[fg]oo,[fg]oo,21,42,421468,0,51601,64114,true
abba,5,16,6361187489,[c-t][tuv]z|,[c-t][tuv]z|,15,37,283537,0,15557,30063,false
order,5,29,9651599436,[st][t-z]\b|ps|lat[o-z]c|c|[o-r][o-y]\b|r^m|m$,{0}[st][t-z]\b|ps|lat[o-z]c|c|[o-r][o-y]\b|r^m|m$,18,39,535050,0,79572,94880,true
anchors,5,1,2967301147,k$,k$,21,42,455075,0,35382,43021,false
abba,5,17,2805026820,[f-t][t-z]l|$,[f-t][t-z]l|$,13,35,142287,1,9049,31793,false
anchors,5,1,5600405384,k$,{0}k$,21,42,212014,0,16726,36404,false
abba,5,18,4323456912,hi[a-n]|[f-t][t-z],hi[a-n]|[f-t][t-z],14,36,146994,0,8405,40385,false
anchors,5,2,1632819610,ck$,ck$,21,42,406431,0,24331,35957,false
anchors,5,3,1412034944,k$,k$,21,42,111213,0,7112,39187,false
abba,5,19,8361101999,[f-t]\1([t-z]|h),[f-t]\#([t-z]|h),14,36,296874,1,39080,79908,true
abba,5,20,9935136846,[f-t][t-z]h|,[f-t][t-z]h|,12,34,264769,0,12758,29127,false
anchors,5,4,9724161943,nk|c$,nk|c$,21,42,867,0,90,39215,false
abba,5,21,5217407358,[f-t][t-z]|l$,[f-t][t-z]|l$,13,35,244937,0,12264,30884,false
anchors,5,5,4037724866,^wgk|b$,^wgk|b$,21,42,540652,0,37186,41217,false
abba,5,22,5619256299,[^][tu]z|,.[tu]z|,13,35,279323,0,13165,30624,false
anchors,5,6,8370032799,k$,k$,21,42,22963,0,2149,43523,false
abba,5,23,4560422870,o[^]o|[f-t][t-z]|l$,o.o|[f-t][t-z]|l$,14,36,146306,0,8808,32937,false
abba,5,24,5236888092,[c-t][tuv]z|,[c-t][tuv]z|,15,37,513779,0,23175,27095,false
anchors,5,7,2767986875,gsqk|d$,gsqk|d$,21,42,1215,0,133,39140,false
triples,5,1,2967301147,[1-8][^8]4|00|[2-7][0-7][0-6]$,[1-8][^8]4|00|[2-7][0-7][0-6]$,14,35,501481,0,281666,310784,true
abba,5,25,1337360711,v[^]h^ih|pi|u|[yz]t|[t-y]$,v.h^ih|pi|u|[yz]t|[t-y]$,14,36,562253,0,30928,37667,false
anchors,5,8,3141506592,g[c-s]p|k$,g[c-s]p|k$,21,42,59359,0,4166,40287,false
abba,5,26,7659837985,[t-z]e|h[i-t]|\Bu,[t-z]e|h[i-t]|\Bu,15,37,190742,0,11994,29780,false
anchors,5,9,3313543896,k$,k$,21,42,346003,0,18743,32530,false
anchors,5,10,8657690939,k$,k$,21,42,82419,0,5122,42945,false
abba,5,27,2521100877,u|b^s|[p-s][f-t]i|[i-s][c-i][t-z]|i|y$,u|b^s|[p-s][f-t]i|[i-s][c-i][t-z]|i|y$,17,39,287684,0,20112,62694,true
powers,5,3,1412034944,^xx?$,^xx?$,2,13,145944,0,209179,808243,true
anchors,5,11,9696640194,k$,k$,21,42,76752,0,4622,43881,false
triples,5,1,5600405384,8^79|0[012][2-9]|[1-7][45][0-8][2-6]\B,8^79|0[012][2-9]|[1-7][45][0-8][2-6]\B,13,34,567335,0,181256,187689,true
anchors,5,12,6621545651,[ijk]$,[ijk]$,21,42,269776,0,19197,38609,false
abba,5,28,8801535107,ur|[^nota][tu]|z,ur|[^a-t][tu]|z,18,40,491467,0,81394,90170,true
anchors,5,13,2492462788,k$,k$,21,42,432604,0,29241,40151,false
anchors,5,14,3404588599,k$,k$,21,42,222399,0,14005,34390,false
anchors,5,15,2330977742,k$,k$,21,42,359498,0,24480,39937,false
anchors,5,16,6361187489,^gok|R$,^gok|R$,21,42,519925,0,37786,42401,false
anchors,5,17,2805026820,k$,k$,21,42,594833,0,32865,33655,false
anchors,5,18,4323456912,gk|m$,gk|m$,21,42,61453,0,4115,44247,false
anchors,5,19,8361101999,wk|r$,wk|r$,21,42,869,0,101,35088,false
anchors,5,20,9935136846,k$,k$,21,42,36,0,18,39893,false
anchors,5,21,5217407358,pv[c-l]k|$,pv[c-l]k|$,21,42,117984,0,7291,40664,false
anchors,5,22,5619256299,k$,k$,21,42,278462,0,16516,35431,false
anchors,5,23,4560422870,^ok|g$,^ok|g$,21,42,95927,0,5975,35676,false
anchors,5,24,5236888092,k$,k$,21,42,451782,0,23653,32005,false
powers,5,4,9724161943,^x?x$,^x?x$,2,13,250,0,596,572490,true
triples,5,2,1632819610,^[2-7]1|00|902|4[789][2-6]|([0-7])\1[3-9]*[5-9],^[2-7]1|00|902|4[789][2-6]|([0-7])\1[3-9]*[5-9],15,36,501332,1,511842,558023,true
anchors,5,25,1337360711,^k|i$,^k|i$,21,42,481971,0,184438,190225,true
anchors,5,26,7659837985,k$,k$,21,42,370189,0,22631,34547,false
anchors,5,27,2521100877,[ijk]\b,[ijk]\b,21,42,87261,0,5353,36185,false
anchors,5,28,8801535107,k$,k$,21,42,62002,0,3762,36111,false
anchors,5,29,9651599436,sk|k$,sk|k$,21,42,465414,0,32954,40529,false
abba,5,29,9651599436,v|wt[^]i\1i|[l-t][i-t]t|[f-t](h|u)|([t-z][e-t]|h)$\1,v|wt[^]i\1i|[l-t][i-t]t|[f-t](h|u)|([t-z][e-t]|h)$\#,18,40,409766,1,468978,800419,true
aman-aplan,5,1,2967301147,x|^r|^t|^[i-n]|l[^i][g-r]|r[a-d]r|[a-d]$,x|^r|t|[i-n]|l[^i][g-r]|r[a-d]r|[a-d]$,16,37,377353,0,37582,64067,true
ranges,5,1,2967301147,\b[a-f]+$,\b[a-f]+$,21,42,271114,1,75003,179294,true
aman-aplan,5,1,5600405384,[n-x][a-e][l-t]$|[a-r]([a-o])\1,[n-x][a-e][l-t]$|[a-r]([a-o])\#,15,36,245834,1,81683,175198,true
triples,5,3,1412034944,[01](7|5|0)[0-6]|5*^[34][0-6]|7[0-6]$\1,[01](7|5|0)[0-6]|5*^[34][0-6]|7[0-6]$\#,12,33,471482,0,274644,512588,true
aman-aplan,5,2,1632819610,^r|mu|[^n]k|e[d-t]$,^r|mu|[^n]k|e[d-t]$,12,33,300352,0,27173,57647,false
ranges,5,1,5600405384,^[a-f][a-e]\w[a-f],^[a-f][a-e]\w[a-f],21,42,23251,0,4073,186503,true
triples,5,4,9724161943,5[1-5][0-8]|0[012]|5[0-7][0-8]$,5[1-5][0-8]|0[012]|5[0-7][0-8]$,12,33,595044,0,141144,144378,true
powers,5,5,4037724866,^x?x$,^x?x$,2,13,444972,0,598212,743292,true
aman-aplan,5,3,1412034944,[^n](k|v|d)|\b[n-t][e-o]\1,[^n](k|v|d)|\b[n-t][e-o]\#,14,35,207099,0,37627,196641,true
aman-aplan,5,4,9724161943,x|^t|l[l-r][a-o]|k[e-r]|\br|[a-d]$,x|^t|l[l-r][a-o]|k[e-r]|\br|[a-d]$,15,36,203488,0,15247,58218,false
ranges,5,2,1632819610,^[a-f]\w[a-f][a-f],^[a-f]\w[a-f][a-f],21,42,446742,0,203828,235719,true
aman-aplan,5,5,4037724866,^[h-k]|v|d|^r|[rs]e|et,^[h-k]|v|d|^r|[rs]e|et,11,32,145226,1,11877,64432,true
ranges,5,3,1412034944,^[a-f]*$,^[a-f]*$,21,42,433712,0,117799,175834,true
triples,5,5,4037724866,[0-6][01]2|5^0|[01]0[2-9]|5[1-7][0-8]+$,[0-6][01]2|5^0|[01]0[2-9]|5[1-7][0-8]+$,14,35,311825,0,187415,400831,true
ranges,5,4,9724161943,^[a-f][a-e]\w[a-f],^[a-f][a-e]\w[a-f],21,42,9192,0,2012,144175,true
aman-aplan,5,6,8370032799,^[e-n][a-v]|s^e|[e-i]\w$,^[e-n][a-v]|s^e|[e-i]\w$,11,32,196125,0,16177,314685,true
aman-aplan,5,7,2767986875,^t|^[i-m]|x|oo|\br|[a-d]$,^t|[i-m]|x|oo|\br|[a-d]$,16,37,124866,0,9644,58624,false
aman-aplan,5,8,3141506592,nx|^^^[i-n]|^[rst][e-o]|[a-d]$,nx|^[i-n]|^[rst][e-o]|[a-d]$,15,36,484529,0,43049,52156,false
powers,5,6,8370032799,^x?x$,^x?x$,2,13,599024,0,639840,640701,true
ranges,5,5,4037724866,^[a-f]+\b,^[a-f]+\b,21,42,209847,0,39572,202736,true
triples,5,6,8370032799,4\w[0-3]|[0-6]06*[0-6]\b|75,4\w[0-3]|[0-6]06*[0-6]\b|75,13,34,417958,0,269802,347161,true
triples,5,7,2767986875,[^175][01]2|4^|[3-9]5[1-8][0-7]|^14|00[0-9]$,[^175][01]2|4^|[3-9]5[1-8][0-7]|^14|00[0-9]$,17,38,257106,0,51782,146780,true
ranges,5,6,8370032799,^ed$|^[a-f]*$,^ed|^[a-f]*$,21,42,288550,0,83990,257292,true
ranges,5,7,2767986875,[a-f]\w[a-f][a-f]$,[a-f]\w[a-f][a-f]$,21,42,272088,0,59469,135225,true
aman-aplan,5,9,3313543896,(t^d|[a-l]|[o-r]|o$)\1[a-n]v|,(t^d|[a-l]|[o-r]|o$)\#[a-n]v|,11,32,239139,0,273456,465496,true
triples,5,8,3141506592,50$|4\w[0-4]|^06|[0-7][0-7][2-6]$,50$|4\w[0-4]|^06|[0-7][0-7][2-6]$,13,34,222822,0,41830,263792,true
aman-aplan,5,10,8657690939,^[i-n]|^b|r[de]|[n-r][e-o]t|x|[a-d]$,^[i-n]|^b|r[de]|[n-r][e-o]t|x|[a-d]$,14,35,241071,0,20210,67789,true
aman-aplan,5,11,9696640194,x|^t|^[i-n]|^r|[a-d]$,x|^t|[i-n]|^r|[a-d]$,14,35,172745,0,11740,49048,false
powers,5,7,2767986875,x*(^x*x?x?x?)\1$,x*(^x*x?x?x?)\1$,6,17,492354,2,457683,558994,true
aman-aplan,5,12,6621545651,x|^r|^t|^[i-n]|[a-d]$,x|^r|^t|^[i-n]|[a-d]$,14,35,533328,0,41667,46710,false
aman-aplan,5,13,2492462788,^x|t|k|^r|vn|[a-d]$,^x|t|k|r|vn|[a-d]$,12,33,550521,0,39684,45049,false
ranges,5,8,3141506592,\b[a-f]+$,\b[a-f]+$,21,42,451170,1,216163,264824,true
aman-aplan,5,14,3404588599,^r|^t|^[h-k]|x|v|d|oo,^r|t|[h-k]|x|v|d|oo,14,35,186797,0,12787,58522,false
aman-aplan,5,15,2330977742,dt|^[i-n]|\b[n-t][e-o]|[a-d]$,dt|^[i-n]|\b[n-t][e-o]|[a-d]$,15,36,313006,0,23842,60656,true
triples,5,9,3313543896,5[0-7][0-8]|0[012],5[0-7][0-8]|0[012],11,32,472788,0,268793,294778,true
aman-aplan,5,16,6361187489,^m|^k|\b[^d]e|ot|oo|[a-d]$,^m|k|\b[^d]e|ot|oo|[a-d]$,17,38,385029,0,34987,63615,true
aman-aplan,5,17,2805026820,x|^t|^[i-n]|\br|[a-d]$,x|^t|[i-n]|\br|[a-d]$,14,35,501230,0,95561,107781,true
triples,5,10,8657690939,0[012]|5[0-8][0-7],0[012]|5[0-8][0-7],11,32,128462,0,17871,175261,true
ranges,5,9,3313543896,[a-f]\w[a-f][a-f]$,[a-f]\w[a-f][a-f]$,21,42,32944,0,6909,251210,true
aman-aplan,5,18,4323456912,^r|^t|^[i-n]|x|hir|[a-d]$,^r|t|[i-n]|x|hir|[a-d]$,14,35,396003,0,36385,57871,false
aman-aplan,5,19,8361101999,x|^t|^[i-n]|\br|[a-d]$,x|^t|^[i-n]|\br|[a-d]$,14,35,92055,0,6330,48820,false
ranges,5,10,8657690939,[a-f][a-e]\w[a-f],[a-f][a-e]\w[a-f],21,42,419148,0,105352,149335,true
triples,5,11,9696640194,1[012]4|5[45]|00|4[0-7]2|[0-7][0-4][0-8][5-8][0-7][2-6]$,1[012]4|5[45]|00|4[0-7]2|[0-7][0-4][0-8][5-8][0-7][2-6]$,16,37,200261,0,50802,190305,true
aman-aplan,5,20,9935136846,^[i-n]|^[i-t][e-o]|[a-d]$,^[i-n]|^[i-t][e-o]|[a-d]$,15,36,159804,1,11029,160960,true
ranges,5,11,9696640194,[a-f]\w[a-f][a-f]$,[a-f]\w[a-f][a-f]$,21,42,11008,0,2026,149131,true
powers,5,8,3141506592,^x?x$,^x?x$,2,13,353410,0,328898,691833,true
aman-aplan,5,21,5217407358,[k-x][a-o]\w$|[a-d]$,[k-x][a-o]\w|[a-d]$,15,36,338164,0,27506,70079,true
aman-aplan,5,22,5619256299,x|^r|^t|^k|v|d|^[n-t]oo|\bh[^c]l|cxu,x|^r|t|k|v|d|^[n-t]oo|\bh[^c]l|cxu,15,36,492120,0,67947,86311,true
ranges,5,12,6621545651,^[a-f][a-e]\w[a-f],^[a-f][a-e]\w[a-f],21,42,453954,0,126289,157247,true
triples,5,12,6621545651,7[45]|^0|9[01]|2[234],7[45]|^0|9[01]|2[234],12,33,451523,0,114715,304633,true
aman-aplan,5,23,4560422870,x|m^u^t|^[h-k]|v|d|[n-t][e-r][e-t]$,x|m^u^t|^[h-k]|v|d|[n-t][e-r][e-t]$,14,35,433789,0,40853,71523,true
aman-aplan,5,24,5236888092,^r|oo|a[h-k]|[vwx]b|e[e-t]\b|rd|[a-d]$,^r|oo|a[h-k]|[vwx]b|e[e-t]\b|rd|[a-d]$,16,37,176727,0,22008,77280,true
aman-aplan,5,25,1337360711,^r|^k|oo|[rs]^e|mu|e^e|\b[^d]e|[a-d]$,^r|^k|oo|[rs]^e|mu|e^e|\b[^d]e|[a-d]$,17,38,386955,0,52072,84594,true
aman-aplan,5,26,7659837985,^r|^[e-k]|v|d|[e-r][st]\b,^r|[e-k]|v|d|[e-r][st]\b,13,34,110847,0,8477,74528,true
ranges,5,13,2492462788,^[a-f][a-e]\w[a-f],^[a-f][a-e]\w[a-f],21,42,45001,0,26585,284482,true
aman-aplan,5,27,2521100877,^r|^t|^[h-k]|d|[vwx][e-l],^r|t|[h-k]|d|[vwx][e-l],12,33,174505,0,15194,70440,true
triples,5,13,2492462788,2[^]4^0|[0-3][0-3]9|[0-3][4-9]*[2-7]4|[0-7][0-7][0-6]$,2.4^0|[0-3][0-3]9|[0-3][4-9]*[2-7]4|[0-7][0-7][0-6]$,13,34,340779,0,263694,345973,true
ranges,5,14,3404588599,^[a-f][a-e]\w[a-f],^[a-f][a-e]\w[a-f],21,42,394660,0,119607,173231,true
powers,5,9,3313543896,^x?x$,^x?x$,2,13,168493,0,120315,712345,true
aman-aplan,5,28,8801535107,^k|mu|x|^r|^t|e[i-l]|[a-d]$,^k|mu|x|^r|^t|e[i-l]|[a-d]$,15,36,318090,0,34351,265792,true
ranges,5,15,2330977742,^[a-f][a-e]\w[a-f],^[a-f][a-e]\w[a-f],21,42,11328,0,2308,189657,true
aman-aplan,5,29,9651599436,v|^[mn]|^r|^[h-k]|^\w[de],v|^[mn]|r|[h-k]|^\w[de],12,33,486076,0,59943,68780,true
triples,5,14,3404588599,0^|0[012]|5[0-8]+$,0^|0[012]|5[0-8]+$,12,33,349871,0,245715,375953,true
ranges,5,16,6361187489,[a-f][a-e]\w[a-f],[a-f][a-e]\w[a-f],21,42,73548,0,17792,182913,true
triples,5,15,2330977742,18^3|10|24|0[012]|[12]7|2[78]$,18^3|10|24|0[012]|[12]7|2[78]$,12,33,512180,0,120344,142143,true
ranges,5,17,2805026820,[a-f]\w[a-f][a-f]$,[a-f]\w[a-f][a-f]$,21,42,472798,0,147608,176823,true
prime,5,1,2967301147,^xxx(|x*)\1$,^xxx(|x*)\1$,13,34,426689,0,345690,499440,true
powers,5,10,8657690939,^xxxx$|\b[^]x?$,^xxxx$|\b[^]x?$,3,14,221223,0,209271,642025,true
triples,5,16,6361187489,^0|0[012]|[1-9]5[1-8][0-8],^0|0[012]|[1-9]5[1-8][0-8],13,34,365451,0,270823,320985,true
ranges,5,18,4323456912,[a-f][a-f]\w[a-f]$,[a-f][a-f]\w[a-f]$,21,42,193828,0,49311,217758,true
ranges,5,19,8361101999,^[a-f][a-e]\w[a-f],^[a-f][a-e]\w[a-f],21,42,109851,0,27038,196274,true
triples,5,17,2805026820,09$|59^7|\w5[1-7]\B|60$|[2-7][2-6]^7|[01]2|[56]$,09|59^7|\w5[1-7]\B|60|[2-7][2-6]^7|[01]2|[56]$,14,35,439676,1,153953,247422,true
ranges,5,20,9935136846,dbff|^[a-f]+$,dbff|^[a-f]+$,21,42,385580,0,144492,198711,true
triples,5,18,4323456912,187|4[0-7]2|06|^30|5[1-5][0-7]|0[^5]5|[0-8]0[0-6]$,187|4[0-7]2|06|^30|5[1-5][0-7]|0[^5]5|[0-8]0[0-6]$,16,37,375810,0,98347,158354,true
prime,5,1,5600405384,^(x*?x?)\1xxx$,^(x*?x?)\1xxx$,13,34,330819,0,297629,504947,true
triples,5,19,8361101999,67^2|\B[0-4][2-5][234]|8[^]3|[0-8][0-7][0-6]$,67^2|\B[0-4][2-5][234]|8[^]3|[0-8][0-7][0-6]$,11,32,115405,0,23295,196498,true
ranges,5,21,5217407358,[a-f]\w[a-f][a-f]$,[a-f]\w[a-f][a-f]$,21,42,459764,0,305581,330911,true
powers,5,11,9696640194,^xx?$,^xx?$,2,13,181429,0,188334,801892,true
triples,5,20,9935136846,0[^1]09|4\w[0-4]|6^|[0-7][0-7][0-6]$,0{0}[^1]09|{0}4\w[0-4]|6^|[0-7][0-7][0-6]$,12,33,474040,0,135263,207615,true
ranges,5,22,5619256299,[a-f][a-f]\w[a-f]$,[a-f][a-f]\w[a-f]$,21,42,160696,0,68349,215661,true
prime,5,2,1632819610,(^x*x?)\1xxx$,(^x*x?)\#xxx$,13,34,478654,1,375992,516526,true
triples,5,21,5217407358,5[0-7][0-8]|0[012],5[0-7][0-8]|0[012],11,32,512954,0,187913,201492,true
ranges,5,23,4560422870,[a-f]\w[a-f][a-f]$,[a-f]\w[a-f][a-f]$,21,42,229946,0,89573,214006,true
triples,5,22,5619256299,5[0-7][0-8]|0[012],5[0-7][0-8]|0[012],11,32,486986,1,134394,166419,true
triples,5,23,4560422870,00|[1-8][45][2-8][0-6]|[1-9]1[^][4-7]|^7$,00|[1-8][45][2-8][0-6]|[1-9]1.[4-7]|^7$,14,35,527344,0,122264,150179,true
ranges,5,24,5236888092,f[^]uh|\b[a-f]+$,f.uh|\b[a-f]+$,21,42,310886,0,97927,206255,true
powers,5,12,6621545651,^xx([^]*x|$)\1\b,^xx([^]*x|$)\#\b,6,17,219616,0,223543,663653,true
prime,5,3,1412034944,^xxx(x*?)\1$,^xxx(x*?)\1$,13,34,508255,0,413625,473918,true
ranges,5,25,1337360711,fy^cf|\b[a-f]+$,fy^cf|\b{0}[a-f]+$,21,42,136229,0,120862,274229,true
ranges,5,26,7659837985,^[a-f][a-e]\w[a-f],^[a-f][a-e]\w[a-f],21,42,524726,0,168621,185776,true
prime,5,4,9724161943,x*(^x*x?)\1xxx$,x*(^x*x?)\#xxx$,13,34,356778,1,280370,463104,true
triples,5,24,5236888092,4\w[0-4]|[0-7][0-7][2-6][0-6]*$,{0}4\w[0-4]|[0-7][0-7][2-6][0-6]*$,12,33,545477,0,510292,596886,true
ranges,5,27,2521100877,[a-f][a-e]\w[a-f],[a-f][a-e]\w[a-f],21,42,317563,0,69460,178542,true
triples,5,25,1337360711,^0|9[01]|[2-9][45][3-7],^0|9[01]|[2-9][45][3-7],12,33,572466,0,108341,111932,true
ranges,5,28,8801535107,^[a-f][a-e]\w[a-f],^[a-f][a-e]\w[a-f],21,42,145385,0,44174,164304,true
triples,5,26,7659837985,^[0-4]\w[012]|5[1-7][0-8]|61|0$,^[0-4]\w[012]|5[1-7][0-8]|61|0$,13,34,85674,0,13447,195349,true
powers,5,13,2492462788,^x?x$,^x?x$,2,13,471746,0,695340,849060,true
ranges,5,29,9651599436,[a-f][a-e]\w[a-f],[a-f][a-e]\w[a-f],21,42,490300,0,133800,166400,true
prime,5,5,4037724866,(^x*x?)\1xxx$,{0}(^x*x?)\#xxx$,13,34,490528,0,373597,459726,true
backrefs,5,1,2967301147,[^]i^|[mn]en|r[o-y]|[tuv][e-y][e-t][e-t][a-t]|[g-n]$,.i^|[mn]en|r[o-y]|[tuv][e-y][e-t][e-t][a-t]|[g-n]$,16,37,538477,0,72829,85450,true
backrefs,5,1,5600405384,v|[a-e][c-t][o-r]|[e-u][a-o]t|[tuv][e-h]|[g-n]$,v|[a-e][c-t][o-r]|[e-u][a-o]t|[tuv][e-h]|[g-n]$,15,36,517542,0,59935,76069,true
backrefs,5,2,1632819610,us$|x$|l[a-n][a-o][a-e]|[tuv][e-h]\B|[g-n]$,us$|x|l[a-n][a-o][a-e]|[tuv][e-h]\B|[g-n]$,14,35,539246,0,72459,83827,true
backrefs,5,3,1412034944,[e-y][a-t]e\B|[tu][a-t]p|[tuv]l|f|[g-n]$,[e-y][a-t]e\B|[tu][a-t]p|[tuv]l|f|[g-n]$,14,35,215805,0,18598,77064,true
backrefs,5,4,9724161943,[e-t]b|[m-u][e-h]|ir|pu|[a-o][tuv]y|[g-n]$,[e-t]b|[m-u][e-h]|ir|pu|[a-o][tuv]y|[g-n]$,14,35,417872,0,54723,81842,true
triples,5,27,2521100877,[^5](0[012][2-9]|4[3-8][2-6])|5[2-5]\1,[^5](0[012][2-9]|4[3-8][2-6])|5[2-5]\#,14,35,130629,1,105580,565747,true
prime,5,6,8370032799,^(x*x?)\1xxx$,^(x*x?)\1xxx$,13,34,211968,0,176211,518551,true
triples,5,28,8801535107,2[^]331^1|[01]2[1-5]|6\b|\B[0-4]7|819|[567][0-5]0|12+$,2.331^1|[01]2[1-5]|6\b|\B[0-4]7|819|[567][0-5]0|12+$,15,36,414038,0,271822,362233,true
prime,5,7,2767986875,^xxx?$,^xxx?$,2,23,165053,0,133491,473200,true
triples,5,29,9651599436,592[^]^\B|[345]5|0[0-7][56]*9|[1-9][0-8]7|0[012][2-6]*$,592[^]^\B|[345]5|0[0-7][56]*9|[1-9][0-8]7|0[012][2-6]*$,16,37,427465,0,159902,375823,true
backrefs,5,5,4037724866,^f|t|nt|\b[a-t][e-n]|([a-o])*[g-n]\1$,^f|t|nt|\b[a-t][e-n]|([a-o])*[g-n]\1$,14,35,272362,0,282627,807080,true
glob,5,1,2967301147,[^l]y|\*[ -s]|b|e[a-s]$,[^l]y|\*[ -s]|b|e[a-s]$,14,35,347818,0,37701,84061,true
backrefs,5,6,8370032799,[a-t][a-t][a-o][tuv]f|,[a-t][a-t][a-o][tuv]f|,11,32,34072,0,3476,83518,true
glob,5,1,5600405384,[bcd][o-y]b|\B|su|f^d|[a-k][cde]$,[bcd][o-y]b|\B|su|f^d|[a-k][cde]$,13,34,463898,0,46697,66604,true
backrefs,5,7,2767986875,[^at][a-t][tuv][e-y]|[t-y]$,[^a-t][a-t][tuv][e-y]|[t-y]$,14,35,286531,0,26467,57435,false
glob,5,2,1632819610,v|b|c[o-y]g|[a-l]|p^o|[uvw][n-s][e-s]|[cd]$,v|b|c[o-y]g|[a-l]|p^o|[uvw][n-s][e-s]|[cd]$,16,37,342273,0,42458,86214,true
glob,5,3,1412034944,fa|b|en[d-s]|[^l]\*\B|nr|d$,fa|b|en[d-s]|[^l]\*\B|nr|d$,16,37,352781,0,34809,72473,true
powers,5,14,3404588599,^x?x$,^x?x$,2,13,487528,0,1461340,1574026,true
prime,5,8,3141506592,xx[^x]x|\b(x)?(xx)?\2xx?$,xx[^x]x|\b{0}(x)?(xx)?\#xx?$,3,24,150934,0,119823,501690,true
glob,5,4,9724161943,fa|b|c^o|[pqr][h-r][e-m]|[cd]$,fa|b|c^o|[pqr][h-r][e-m]|[cd]$,17,38,376529,0,41277,78144,true
glob,5,5,4037724866,w[m-s]|f|t^yax|l[ -h]\w|b[c-i][a-r]|[cd]$,w[m-s]|f|t^yax|l[ -h]\w|b[c-i][a-r]|[cd]$,16,37,319076,0,37096,73459,true
glob,5,6,8370032799,w[m-s]|b|l[ -i]\w[a-s]|f[a-o],w[m-s]|b|l[ -i]\w[a-s]|f[a-o],15,36,146020,0,12394,81928,true
glob,5,7,2767986875,[^g]^po|o|^y|[d-g][ -h][e-t][ -s]|k\w$,[^g]^po|o|y|[d-g][ -h][e-t][ -s]|k\w$,11,32,449340,0,56100,79362,true
glob,5,8,3141506592,[a-e][a-h]r|fa|[op][c-y][c-s][c-r],[a-e][a-h]r|fa|[op][c-y][c-s][c-r],16,37,300594,0,25287,53876,false
glob,5,9,3313543896,^w|fa|v|k|g|o[o-y]\B|t^o|[mno]d|[cd]$,^w|fa|v|k|g|o[o-y]\B|t^o|[mno]d|[cd]$,16,37,409216,0,48609,75904,true
prime,5,9,3313543896,^xx?x$,^xx?x$,2,23,345779,0,269196,452651,true
glob,5,10,8657690939,[d-g][*-f]|v|^[a-e][c-s]|[cd]$,[d-g][*-f]|v|^[a-e][c-s]|[cd]$,15,36,198415,1,15456,66722,true
glob,5,11,9696640194,fa|w|b| [o-y][c-u]|[cde]$,fa|w|b| [o-y][c-u]|[cde]$,13,34,132166,0,8982,41295,false
glob,5,12,6621545651,[a-e][a-h]r|fa|[op][c-y][c-s][c-r],[a-e][a-h]r|fa|[op][c-y][c-s][c-r],16,37,284066,0,19901,49189,false
backrefs,5,8,3141506592,a[s-v][i-y][a-t]|p[e-i]|pu|fu|[e-t][a-t][a-o][g-x]+$,a[s-v][i-y][a-t]|p[e-i]|pu|fu|[e-t][a-t][a-o][g-x]+$,17,38,485475,0,522958,770114,true
glob,5,13,2492462788,[fg][a-m][a-o]w||k|r[h-s],[fg][a-m][a-o]w||k|r[h-s],15,36,197993,0,14803,47333,false
backrefs,5,9,3313543896,[a-t][a-t][a-o][tuv]l|$,[a-t][a-t][a-o][tuv]l|$,13,34,198736,0,103755,136824,true
backrefs,5,10,8657690939,[m-t]\w\b|[a-t][a-o][tuv][n-y]|[g-n]$,[m-t]\w\b|[a-t][a-o][tuv][n-y]|[g-n]$,14,35,179326,0,14574,49593,false
backrefs,5,11,9696640194,[a-t][a-t][a-o][tuv]f|,[a-t][a-t][a-o][tuv]f|,11,32,31979,0,2442,62534,true
powers,5,15,2330977742,^x\1(xxx$|x?$),{0}^x\1(xxx$|x?$),3,14,501547,1,628660,867392,true
prime,5,10,8657690939,(^x*x?)\1[^]xx$,(^x*x?)\#.xx$,13,34,11656,0,8648,413521,true
backrefs,5,12,6621545651,[c-t][c-t][a-o][tuv]|l$,[c-t][c-t][a-o][tuv]|l$,15,36,243614,0,18389,58839,false
glob,5,14,3404588599,[a-e][a-h]r|fa|[op][c-y][c-s][c-r],[a-e][a-h]r|fa|[op][c-y][c-s][c-r],16,37,249555,0,18091,303997,true
glob,5,15,2330977742,f[a-o]|b|[b-e]n|[n-r]lo|wn|[cde]$,f[a-o]|b|[b-e]n|[n-r]lo|wn|[cde]$,15,36,269214,1,21192,52220,false
glob,5,16,6361187489,w^l|[c-y][c-y][^]\*[ -s]|r[h-s][e-y],w^l|[c-y][c-y][^]\*[ -s]|r[h-s][e-y],17,38,259359,0,18501,57753,false
glob,5,17,2805026820,[c-y]b|[c-y][^]\*[ -s]|y[ -i],[c-y]b|[c-y].\*[ -s]|y[ -i],15,36,144870,0,10451,53350,false
glob,5,18,4323456912,o[o-y][a-l]|[d-g][*-h]|[cd]$,o[o-y][a-l]|[d-g][*-h]|[cd]$,14,35,555172,0,42835,54336,false
glob,5,19,8361101999,fa|b[a-h]r|wr|[pqr][h-s][e-m]|[o-y]d|[a-d]$,fa|b[a-h]r|wr|[pqr][h-s][e-m]|[o-y]d|[a-d]$,19,40,414006,0,49383,78253,true
prime,5,11,9696640194,^x?xx$,{0}^x?xx$,2,23,344427,0,253760,434069,true
glob,5,20,9935136846,f[a-o]|b|i[g-m]|^re|co|[cde]$,f[a-o]|b|i[g-m]|^re|co|[cde]$,15,36,406408,0,38192,61125,true
glob,5,21,5217407358,w[m-s]|b|f[a-o]|l[ -i]\w[a-s],w[m-s]|b|f[a-o]|l[ -i]\w[a-s],15,36,530890,0,42788,49065,false
glob,5,22,5619256299,[l-s][b-l][a-n][l-t]|b|e[^k]a,[l-s][b-l][a-n][l-t]|b|e[^k]a,15,36,449146,0,44795,61440,true
glob,5,23,4560422870,b|[a-i]y|\*[ -s]|[cd]$,b|[a-i]y|\*[ -s]|[cd]$,13,34,377635,0,25093,49512,false
glob,5,24,5236888092,[nop][c-y][ -s][l-r]b||^p|i\*|qm$,[nop][c-y][ -s][l-r]b||^p|i\*|qm$,14,35,269009,0,22869,60548,true
backrefs,5,13,2492462788,a[s-v][i-y][a-t]|p[e-i]|pu|fu|[e-t][a-t][a-o][g-x]+$,a[s-v][i-y][a-t]|p[e-i]|pu|fu|[e-t][a-t][a-o][g-x]+$,17,38,415126,0,473179,638665,true
glob,5,25,1337360711,fa|l[ -h]|b|\* |s[u-y],fa|l[ -h]|b|\* |s[u-y],14,35,140589,0,12376,67528,true
glob,5,26,7659837985,w[m-s]|b|f[a-o]|l[ -i]\w[a-s],w[m-s]|b|f[a-o]|l[ -i]\w[a-s],15,36,92190,0,5300,47890,false
glob,5,27,2521100877,^[p-y][a-s]|f[a-o]|b|p[c-r][e-n]|y[ -s],^[p-y][a-s]|f[a-o]|b|p[c-r][e-n]|y[ -s],16,37,240164,0,18402,52653,false
prime,5,12,6621545651,^(x*x?)\1xxx$,^(x*x?)\1xxx$,13,34,195742,0,141610,429181,true
backrefs,5,14,3404588599,[^b]\w[a-t][tuv],[^b]\w[a-t][tuv],12,33,309096,0,20243,211585,true
backrefs,5,15,2330977742,[rst][a-t]f|e|[a-t]\w[a-o][tuv][n-y]|[g-n]$,[rst][a-t]f|e|[a-t]\w[a-o][tuv][n-y]|[g-n]$,14,35,189056,0,16004,71109,true
backrefs,5,16,6361187489,^[ab][a-l]|[c-t][e-t][a-o][tuv]|[g-l]$,^[ab][a-l]|[c-t][e-t][a-o][tuv]|[g-l]$,17,38,471916,0,38485,55115,false
backrefs,5,17,2805026820,[l-t][e-h]|[l-u][a-y]$,[l-t][e-h]|[l-u][a-y]$,12,33,387839,0,29635,44186,false
backrefs,5,18,4323456912,[m-u][e-h]|[e-h][abc]|mo|[tuv]f|[l-u][s-y]$,[m-u][e-h]|[e-h][abc]|mo|[tuv]f|[l-u][s-y]$,14,35,284047,0,23581,67482,true
backrefs,5,19,8361101999,[l-t][e-h]|sd[a-t][a-t][a-o][tuv]f|[l-u][a-y]$,[l-t][e-h]|sd[a-t][a-t][a-o][tuv]f|[l-u][a-y]$,12,33,322084,0,33372,74208,true
backrefs,5,20,9935136846,o[a-t]h|[a-t][e-t][a-o][tuv]|[g-l]$,o[a-t]h|[a-t][e-t][a-o][tuv]|[g-l]$,15,36,377782,0,30406,63932,true
prime,5,13,2492462788,(^x*x?)\1xxx$,(^x*x?)\#xxx$,13,34,237999,1,167205,459654,true
backrefs,5,21,5217407358,[a-t][e-t][a-o][tuv]|[g-l]$,[a-t][e-t][a-o][tuv]|[g-l]$,14,35,242189,0,17666,53263,false
glob,5,28,8801535107,^w|ke|o[c-y][c-s][c-r]|e[m-r][a-s]*\w$,^w|ke|o[c-y][c-s][c-r]|e[m-r][a-s]*\w$,17,38,533840,0,367447,521521,true
backrefs,5,22,5619256299,^[lm]f||oc|[a-t][a-o][tuv][n-y]|[a-t][g-n]$,^[lm]f||oc|[a-t][a-o][tuv][n-y]|[a-t][g-n]$,15,36,389046,0,31982,64003,true
glob,5,29,9651599436,fa|w|b| [o-y][c-u]|u^tu[^]kmd|[cde]$,fa|w|b| [o-y][c-u]|u^tu[^]kmd|[cde]$,13,34,264330,0,27278,75295,true
powers,5,16,6361187489,^x?x$,^x?x$,2,13,227595,0,1376078,1713385,true
prime,5,14,3404588599,^xxx(x*?)\1$,^xxx(x*?)\#$,13,34,79815,0,68282,496766,true
backrefs,5,23,4560422870,a[s-v][i-y][a-t]|p[e-i]|pu|fu|[e-t][a-t][a-o][g-x]+$,a[s-v][i-y][a-t]|p[e-i]|pu|fu|[e-t][a-t][a-o][g-x]+$,17,38,513544,1,547345,704229,true
backrefs,5,24,5236888092,^[a-g][a-n]|vc|[tuv][e-y][c-t][e-u]|[g-n]$,^[a-g][a-n]|vc|[tuv][e-y][c-t][e-u]|[g-n]$,14,35,340408,0,29338,58616,false
backrefs,5,25,1337360711,f^b|va|[c-t][e-t][a-o][tuv]|[g-l]$,f^b|va|[c-t][e-t][a-o][tuv]|[g-l]$,16,37,234400,0,19055,50369,false
balance,5,1,2967301147,>*<(\W(>)\1<+)\2\W+\W>>$,>*<(\W(>)\1<+)\2\W+\W>>$,26,58,178591,0,226802,808122,true
backrefs,5,26,7659837985,r[a-t][a-o]r|[tuv][e-y][d-t][e-u]|[g-n]$,r[a-t][a-o]r|[tuv][e-y][d-t][e-u]|[g-n]$,15,36,225473,0,18765,59597,false
prime,5,15,2330977742,((((\Bxx[^]x)x))\1\2\3)\1,((((\Bxx.x)x))\#\#\#)\#,9,30,51617,0,37644,457885,true
backrefs,5,27,2521100877,^f|u|sin|[a-h][a-t][a-u][a-o][e-y]|l$,^f|u|sin|[a-h][a-t][a-u][a-o][e-y]|l$,12,33,400554,0,43815,61462,true
backrefs,5,28,8801535107,y[a-e][a-t][a-t]f|[i-t]a$|[c-t][e-t][a-o][tuv]|[g-l]$,y[a-e][a-t][a-t]f|[i-t]a|[c-t][e-t][a-o][tuv]|[g-l]$,17,38,409437,0,44739,83426,true
backrefs,5,29,9651599436,[^]f|st|[a-t][a-t][a-o][tuv],.f|st|[a-t][a-t][a-o][tuv],13,34,158684,0,12391,64311,true
prime,5,16,6361187489,(^x*x?)\1xx[^]$,(^x*x?)\#xx[^]$,13,34,285456,1,207630,463383,true
balance,5,1,5600405384,^(<)*\1(<<\W*>\1>$),^(<)*\1(<<\W*>\1>$),26,58,344911,1,371697,707177,true
prime,5,17,2805026820,(^x*x?)\1xxx$,(^x*x?)\#xxx$,13,34,186561,0,161230,462119,true
prime,5,18,4323456912,^xx(x*?)\1x[^]x$,^xx(x*?)\#x.x$,12,33,150698,1,96134,445501,true
balance,5,2,1632819610,^<[^]*>>$,^<[^]*>>$,25,57,26353,0,17858,763373,true
powers,5,17,2805026820,^x$|(^xx)\1*?$,^x$|(xx)\1*?$,7,18,554917,1,2009869,2141602,true
prime,5,19,8361101999,^xx$|^x(x*?)\1xx$,{0}^xx$|{0}^x(x*?)\1xx$,14,35,94128,0,86875,528077,true
powers,5,18,4323456912,^x?x$,^x?x$,2,13,110336,0,89462,632397,true
prime,5,20,9935136846,(^x*x?)\1xxx$,(^x*x?)\#xxx$,13,34,225088,1,177648,450028,true
balance,5,3,1412034944,<\1(<|<\W>[^]>)<*(>)\W<(>|<)+>\2$,<\1(<|<\W>[^]>)<*(>)\W<(>|<)+>\2$,27,59,222521,0,419505,938657,true
prime,5,21,5217407358,^xxx?$,^xxx?$,2,23,533515,0,448074,493440,true
balance,5,4,9724161943,<<>[^]\W>\W(<)*\W\W*>\1>$,<<>[^]\W>\W(<)*\W\W*>\1>$,28,60,152940,0,134305,639915,true
prime,5,22,5619256299,^x\1\1x(x(xx)*)?$,^x\#\#{0}x(x(xx)*)?$,14,35,15535,0,17341,471251,true
powers,5,19,8361101999,(^xx?x*?x?)\1\b,(^xx?x*?x?)\#\b,6,17,208854,1,363663,1489584,true
prime,5,23,4560422870,^(x*x?)\1[^]xx$,^(x*x?)\1[^]xx$,13,34,196831,0,151257,434756,true
prime,5,24,5236888092,^xx(x*?)\1x$,^xx(x*?)\#x$,13,34,262021,0,199082,462835,true
powers,5,20,9935136846,^xx?$,^xx?$,2,13,475147,0,548533,687954,true
balance,5,5,4037724866,^<((<|))<+\1>\W*<>+\1>$,^<((<|))<+\1>\W*<>+\1>$,26,58,204649,1,392886,1400853,true
prime,5,25,1337360711,(^xx)x\1*?xx$,(^xx)x\#*?{0}xx$,12,33,357086,0,275804,511991,true
balance,5,6,8370032799,^<[^]*>>$,^<[^]*>>$,25,57,228714,1,213471,604034,true
powers,5,21,5217407358,^xx?$,^xx?$,2,13,449841,0,625481,749890,true
prime,5,26,7659837985,^x?xx$,^x?{0}xx$,2,23,178859,0,136946,474855,true
prime,5,27,2521100877,^xxx(x*\2\3)((\1))$,^xxx(x*\2\3)((\1))$,13,34,514178,1,443260,507024,true
powers,5,22,5619256299,^x?x$,^x?x$,2,13,261043,0,278326,752008,true
balance,5,7,2767986875,\W\W>\W(>>)<<+\W?\W+>$,\W\W>\W(>>)<<+\W?\W+>$,27,59,203014,0,271583,1147339,true
prime,5,28,8801535107,\b(x*x?)\1xxx$,\b(x*x?)\#xxx$,13,34,245086,0,168545,460699,true
powers,5,23,4560422870,^xx?$,{0}^xx?$,2,13,581252,0,632661,650126,true
prime,5,29,9651599436,^xx(x*?)\1x$,^xx(x*?)\1x$,13,34,544750,0,410442,494083,true
four,5,1,2967301147,j|W|[c-t][i-o][mn]|k,j|W|[c-t][i-o][mn]|k,15,36,121594,0,9353,69388,true
four,5,1,5600405384,[i-o][mn]W||[jk],[i-o][mn]W||[jk],14,35,481632,0,22697,30602,false
four,5,2,1632819610,^[c-l]g|[c-l]|[cd]o|k[a-o]\B|j|f|W|[mn][l-o],^[c-l]g|[c-l]|[cd]o|k[a-o]\B|j|f|W|[mn][l-o],18,39,379678,0,29852,46016,false
balance,5,8,3141506592,\W\W>\W(<>>><|>+)\1<<\W+>$,\W\W>\W(<>>><|>+)\1<<\W+>$,27,59,567835,0,633784,676187,true
four,5,3,1412034944,Ma|j|W|[d-t][m-p][m-p],Ma|j|W|[d-t][m-p],16,37,274565,0,12730,31264,false
four,5,4,9724161943,k[a-o]\B|W|g[c-y]|^[c-l],k[a-o]\B|W|g[c-y]|^[c-l],14,35,314270,0,16007,45251,false
four,5,5,4037724866,(\B[a-t])[i-o]\1|[abc]$,(\B[a-t])[i-o]\1|[abc]$,17,38,465465,0,57845,133542,true
four,5,6,8370032799,[i-o][lm]W|,[i-o][lm]W|,13,34,207489,0,8392,29412,false
four,5,7,2767986875,[c-t][i-o][mn]|[abc]$,[c-t][i-o][mn]|[abc]$,15,36,188056,0,9553,51376,false
powers,5,24,5236888092,^\1x(x||[^]xx)$,^\1x(x||[^]xx)$,3,14,382483,1,335832,601183,true
four,5,8,3141506592,[^y]o[m-p]W||u^so|[o-t]c,[^y]o[m-p]W||u^so|[o-t]c,15,36,73820,0,5922,43472,false
four,5,9,3313543896,k[a-o]\B|W|g[c-y]|^[c-l]|[l-t]m|r[mno]$,k[a-o]\B|W|g[c-y]|^[c-l]|[l-t]m|r[mno]$,18,39,515379,0,104859,116649,true
four,5,10,8657690939,[^rc]o[c-p]|a$,[^c-r]o[c-p]|a$,16,37,188543,0,9152,31047,false
four,5,11,9696640194,^[c-l]|rg|[^]k|ra|[c-t][i-o][mn],^[c-l]|rg|[^]k|ra|[c-t][i-o][mn],16,37,467126,0,26225,38816,false
four,5,12,6621545651,[i-o][lm]W|,[i-o][lm]W|,13,34,80383,0,3924,35314,false
four,5,13,2492462788,[i-o][mn]W||[jk],[i-o][mn]W||[jk],14,35,369703,0,16543,29244,false
four,5,14,3404588599,[a-t][i-o][lm]|v[lm]W|[abc]$,[a-t][i-o][lm]|v[lm]W|[abc]$,16,37,516275,0,27861,39824,false
four,5,15,2330977742,o[c-o]|[lm][i-o]t|W|a$,o[c-o]|[lm][i-o]t|W|a$,17,38,551307,0,27068,30204,false
four,5,16,6361187489,[i-o][lm]W|,[i-o][lm]W|,13,34,259784,0,12054,26363,false
four,5,17,2805026820,[i-o][lm]W|,[i-o][lm]W|,13,34,553989,0,25336,28122,false
balance,5,9,3313543896,<<(>\W)*[^>]>\W*<>+\1>$,<<(>\W)*[^>]>\W*<>+\1>$,27,59,411701,0,480416,735880,true
four,5,18,4323456912,Ma|j|W|[a-t][i-o][lm][c-y],Ma|j|W|[a-t][i-o][lm][c-y],17,38,391918,0,23813,40353,false
four,5,19,8361101999,[^]o[m-p]|ara|o$,.o[m-p]|ara|o$,16,37,407968,0,24915,46078,false
four,5,20,9935136846,[d-p]o|[rst][abc][^ib]|o$,[d-p]o|[rst][abc][^ib]|o$,17,38,542799,0,29855,35654,false
four,5,21,5217407358,[l-o][c-p][o-r]f||a$,[l-o][c-p][o-r]f||a$,17,38,492430,0,24703,30541,false
four,5,22,5619256299,[^]o[m-p]j||W,.o[m-p]j||W,14,35,284210,0,12236,33961,false
powers,5,25,1337360711,^xx(x*)\1$,^xx(x*)\1$,6,17,476946,1,611425,710626,true
four,5,23,4560422870,[o-t][^r]o|v[a-t]*[lm]|a$,[o-t][^r]o|v[a-t]*[lm]|a$,17,38,351739,1,27330,144544,true
four,5,24,5236888092,Ma|j|W|o[c-o]|vi,Ma|j|W|o[c-o]|vi,16,37,244030,0,11701,30430,false
four,5,25,1337360711,[i-o][lm]W|,[i-o][lm]W|,13,34,394100,0,25558,33914,false
four,5,26,7659837985,f|n[i-o][mn]|[l-o][c-p][o-r]|a$,f|n[i-o][mn]|[l-o][c-p][o-r]|a$,18,39,183233,0,12402,58402,false
four,5,27,2521100877,W|M[^h]n^M[i-o]k|[jk]|[i-o][mn]|o$,W|M[^h]n^M[i-o]k|[jk]|[i-o][mn]|o$,15,36,370603,0,22978,50210,false
four,5,28,8801535107,[^]o[m-p]|Wa|i$,.o[m-p]|Wa|i$,14,35,343848,0,16968,46510,false
four,5,29,9651599436,[^]e*[i-o][lm]j||W,.e*[i-o][lm]j||W,14,35,127114,0,45256,139151,true
balance,5,10,8657690939,<<\W*<\W\1>(^[^<]^<|<\W*?>)>$,<<\W*<\W\1>(^[^<]^<|<\W*?>)>$,27,59,419736,0,626447,838015,true
powers,5,26,7659837985,^x[^]xx$|^x?x$,^x[^]xx$|x?x$,3,14,77221,0,178405,1096971,true
balance,5,11,9696640194,<\1<>\W(><|>(\W+)\1>|)$,<\#<>\W(><|>(\W+)\1>|)$,26,58,579115,0,547817,582897,true
powers,5,27,2521100877,^x?x$,^x?x$,2,13,156492,0,158647,681528,true
balance,5,12,6621545651,()^<<()\W*<(<<|>)\W\W>\W+\1>\3>\1\2>,()^<<()\W*<(<<|>)\W\W>\W+\1>\3>\#\#>,28,60,181460,0,217768,715732,true
powers,5,28,8801535107,(xxx(x[^]))\1\1x|^x?x$,(xxx(x.))\#\#x|^x?x$,3,14,99390,0,80265,695342,true
balance,5,13,2492462788,<\W(\W)<\W+\1\W>>$,<\W(\W)<\W+\1\W>>$,27,59,432169,0,508033,739554,true
powers,5,29,9651599436,^xx(|xx)\1*$,^xx(|xx)\1*$,6,17,571188,0,680961,709248,true
balance,5,14,3404588599,>^>^>+|<\W><\W+>*>>$,>^>^>+|<\W><\W+>*>>$,26,58,149824,0,160428,666179,true
long-count,5,1,2967301147, $, $,0,20,438722,0,170006,225982,true
long-count,5,1,5600405384, $, $,0,20,468989,0,177234,225201,true
long-count,5,2,1632819610,^$,^$,0,20,222473,0,107656,254316,true
long-count,5,3,1412034944,^$,^$,0,20,126572,0,54217,239393,true
balance,5,15,2330977742,<<((>))\W\W\2\W\W+\1\2$,<<((>))\W\W\2\W\W+\1\2$,27,59,277978,0,485157,912951,true
long-count,5,4,9724161943,^ ,^ ,0,20,403207,0,157038,227139,true
long-count,5,5,4037724866,^$,^$,0,20,406262,0,165494,243182,true
balance,5,16,6361187489,<\W><[<=>]+>>$,<\W><[<=>]+>>$,26,58,577819,0,585523,612540,true
long-count,5,6,8370032799,^ ,^ ,0,20,180449,0,70436,233649,true
long-count,5,7,2767986875,^ ,^ ,0,20,342108,0,144900,250489,true
long-count,5,8,3141506592,^ ,^ ,0,20,132168,0,59882,253836,true
balance,5,17,2805026820,<<[^<]\W\W>(\W)+\W(>+)\2$,<<[^<]\W\W>(\W)+\W(>+)\2$,27,59,263766,1,349742,727887,true
long-count,5,9,3313543896,0^,0^,0,20,473612,0,197967,243079,true
long-count,5,10,8657690939, $, $,0,20,105700,0,48100,243037,true
long-count,5,11,9696640194,^ ,^ ,0,20,196292,0,65178,218693,true
long-count,5,12,6621545651, $, $,0,20,159654,0,65838,226248,true
balance,5,18,4323456912,^<><>$|<<+>*>\W>[^<]<<\W,^<><>$|<<+>*>\W>[^<]<<\W,26,58,66906,0,72430,907113,true
long-count,5,13,2492462788, $,{0} $,0,20,195110,0,74155,231142,true
long-count,5,14,3404588599,^ ,^ ,0,20,487135,0,178365,218727,true
long-count,5,15,2330977742,^$,^$,0,20,464967,0,191679,241201,true
balance,5,19,8361101999,<<+>\W(>|)\1<\W+\1>$,<<+>\W(>|)\1<\W+\1>$,27,59,110310,0,158249,667245,true
long-count,5,16,6361187489,^ ,^ ,0,20,138820,0,54307,222950,true
long-count,5,17,2805026820, $, $,0,20,118562,0,45167,260351,true
long-count,5,18,4323456912, $, $,0,20,477596,0,209896,249497,true
balance,5,20,9935136846,^<\W+>>$,^<\W+>>$,25,57,464837,0,466381,614923,true
long-count,5,19,8361101999, $,{0} $,0,20,148680,0,60723,238750,true
long-count,5,20,9935136846, $, $,0,20,1,1,7,231897,true
long-count,5,21,5217407358, $, $,0,20,132115,0,54775,234315,true
balance,5,21,5217407358,<(<>)>\W>\W*<+\1>|\b$,<(<>)>\W>\W*<+\1>|\b$,26,58,454520,0,491548,726674,true
long-count,5,22,5619256299,^ ,^ ,0,20,436578,0,166690,225853,true
long-count,5,23,4560422870, $, $,0,20,181028,0,77304,222362,true
long-count,5,24,5236888092, $, $,0,20,161006,0,58504,231440,true
balance,5,22,5619256299,<<(>><|>)<*\W[^]>\W\W+\1>$,<<(>><|>)<*\W[^]>\W\W+\1>$,28,60,362402,0,483757,700548,true
long-count,5,25,1337360711,^ ,^ ,0,20,182073,0,71096,223953,true
long-count,5,26,7659837985, $, $,0,20,498243,0,189671,230979,true
balance,5,23,4560422870,<<>\W\W>\W[^]+>>$,<<>\W\W>\W[^]+>>$,27,59,131504,0,129612,573283,true
long-count,5,27,2521100877, $, $,0,20,139520,0,61206,239375,true
long-count,5,28,8801535107,^ ,^ ,0,20,463618,0,158199,204332,true
long-count,5,29,9651599436, $, $,0,20,141630,0,59909,238289,true
alphabetical,5,1,2967301147,te[a-n]|t\D?$,te[a-n]|t\D?$,9,26,457370,1,113226,141748,true
alphabetical,5,1,5600405384,rt^r|[n-t]a[a-s] | t[^s][a-e]|n[rst][ -e][rst],rt^r|[n-t]a[a-s] | t[^s][a-e]|n[rst][ -e][rst],9,26,178133,0,44745,146554,true
balance,5,24,5236888092,^<[^]*>>$,^<[^]*>>$,25,57,17535,0,8772,856172,true
alphabetical,5,2,1632819610,t[a-e][^s][ -a]\w?[a-r][e-t][n-t],t[a-e][^s][ -a]\w?[a-r][e-t][n-t],11,28,554158,0,182488,200552,true
alphabetical,5,3,1412034944,[st]\W[e-t]* ,[st]\W[e-t]* ,10,27,311864,0,204583,292714,true
balance,5,25,1337360711,(>>)<+>\W<+\1>,(>>)<+>\W<+\#>,24,56,183136,0,195149,679207,true
alphabetical,5,4,9724161943,sn|trr|[a-e][^rt]\wr|nan|t$,sn|trr|[a-e][^rst]\wr|nan|t$,11,28,453196,1,338076,371273,true
alphabetical,5,5,4037724866,t[a-e][e-s] \w?[a-r][e-t][n-t],t[a-e][e-s] \w?[a-r][e-t][n-t],10,27,402533,0,108030,150305,true
alphabetical,5,6,8370032799,r[^]sn| te[a-r]t|$,r[^]sn| te[a-r]t|$,10,27,487076,0,126198,152911,true
alphabetical,5,7,2767986875,e\w[a-n][e-s][e-t] [st],e\w[a-n][e-s][e-t] [st],11,28,123209,0,30382,206302,true
balance,5,26,7659837985,((^<?))\1<<[^]*>\1>$,((^<?))\#<<[^]*>\1>$,26,58,295741,0,328771,646131,true
alphabetical,5,8,3141506592,r\Dsen|n[^e][n-r]|n$,r\Dsen|n[^e][n-r]|n$,10,27,111895,0,34137,231234,true
alphabetical,5,9,3313543896,a^a|rr |e[^r][a-e][e-r]|[rst]a$,a^a|rr |e[^r][a-e][e-r]|[rst]a$,13,30,569171,0,139390,151657,true
balance,5,27,2521100877,^<[^]+>>$,^<[^]+>>$,25,57,539426,0,16855349,16952398,true
alphabetical,5,10,8657690939,s[^]r |[n-r]t\D[rst]\D,s.r |[n-r]t\D[rst]\D,10,27,201233,0,16434861,16599204,true
alphabetical,5,11,9696640194,r[e-t]*[ -r]t[e-r][a-r],r[e-t]*[ -r]t[e-r][a-r],9,26,270413,0,109068,237640,true
alphabetical,5,12,6621545651,e\w[a-n][e-s][e-t] [st],e\w[a-n][e-s][e-t] [st],11,28,66309,0,12471,118457,true
alphabetical,5,13,2492462788,  ^s[e-t]n|t[e-n][a-n]|[ -e][rst]?[ -e]t?[n-r]*$,  ^s[e-t]n|t[e-n][a-n]|[ -e][rst]?[ -e]t?[n-r]*$,10,27,427637,0,134969,222328,true
alphabetical,5,14,3404588599,ase|^t|[n-r]t\D[rst]\D[rst],ase|^t|[n-r]t\D[rst]\D[rst],11,28,381825,0,92399,140737,true
balance,5,28,8801535107,<\W>\W((>|^>[^<]<))\2<\W\W+\2$,<\W>\W((>|^>[^<]<))\2<\W\W+\2$,26,58,94548,0,120294,769772,true
alphabetical,5,15,2330977742,t\B[^r]a|[n-r]t\D[rst]\D[rst]|t\D$,t\B[^r]a|[n-r]t\D[rst]\D[rst]|t\D$,11,28,96253,0,18002,274695,true
alphabetical,5,16,6361187489,tea|[n-r]t\D[rst]\D[rst]|t\D$,tea|[n-r]t\D[rst]\D[rst]|t\D$,11,28,569962,0,137803,144375,true
alphabetical,5,17,2805026820,trerta|nr[^t]e |^ts|sn|(t)?[a-e][ -n]\1[a-e][ -r],trerta|nr[^t]e |^ts|sn|(t)?[a-e][ -n]\#[a-e][ -r],9,26,415719,0,255605,461770,true
alphabetical,5,18,4323456912,e\w[a-n][e-s][e-t] [st],e\w[a-n][e-s][e-t] [st],11,28,477343,0,214703,311604,true
alphabetical,5,19,8361101999,e\w[a-n][e-s][e-t] [st],e\w[a-n][e-s][e-t] [st],11,28,282713,0,57094,125287,true
alphabetical,5,20,9935136846,sent| ^e|[e-n] e|st *s|[st]$,s{0}ent| ^e|[e-n] e|st *s|[st]$,10,27,326170,0,233780,331864,true
alphabetical,5,21,5217407358,[e-n][^rn][e-n][e-t]\D,[e-n][^n-r][e-n][e-t]\D,11,28,166119,0,54722,138532,true
alphabetical,5,22,5619256299,e\w[a-n][e-s][e-t] [st],e\w[a-n][e-s][e-t] [st],11,28,589023,0,226774,229277,true
alphabetical,5,23,4560422870,e\w[a-n][e-s][e-t] [st],e\w[a-n][e-s][e-t] [st],11,28,517494,0,103788,123461,true
balance,5,29,9651599436,[^>]<\W+<\W(>>)\1<\W\W\W|^<+(>|^<|<><?)+$,[^>]<\W+<\W(>>)\1<\W\W\W|^<+(>|^<|<><?)+$,28,60,89276,0,144676,2300356,true
alphabetical,5,24,5236888092,s[rst]\D*[n-r]t\D?[rst],s[rst]\D*[n-r]t{0}\D?[rst],12,29,408268,0,92924,206733,true
alphabetical,5,25,1337360711,^tr|[rst][^t]sn|[ -e][ -r]a[a-n]|[a-r]\we[ -r][e-s][rst]|s[e-r][a-r]$,^tr|[rst][^t]sn|[ -e][ -r]a[a-n]|[a-r]\we[ -r][e-s][rst]|s[e-r][a-r]$,13,30,555737,0,487970,516148,true
alphabetical,5,26,7659837985,e\w[a-n][e-s][e-t] [st],e\w[a-n][e-s][e-t] [st],11,28,322981,0,85751,178381,true
alphabetical,5,27,2521100877,e\w[a-n][e-s][e-t] [st],e\w[a-n][e-s][e-t] [st],11,28,548255,0,145782,160058,true
alphabetical,5,28,8801535107,e[^r][a-e][e-r],e[^r][a-e][e-r],11,28,95938,0,19815,255741,true
alphabetical,5,29,9651599436,t[ -a]?[a-t][a-r][st][e-r]|[st]$,t[ -a]?[a-t][a-r][st][e-r]|[st]$,10,27,496864,0,162801,190710,true
